date,title,link,Ticker
2025-04-27,Reliance share: Should you buy RIL shares after Reliance Industries Q4 results 2025? - Mint,https://news.google.com/rss/articles/CBMi5wFBVV95cUxPS00xSWdYTmtneGpoSjJVNjlma3JBYTBxV2VrN0JTY0lEa1k4V1BCdHE0OENLc05CUWJMN0hKM2pfeEFhUTNQdVpiUG5jRGFxSnUzVWw1Unhad3ZFM2RCYVp4TnN1MlhhNUIxRTljdU95OFFLM19LNGh0aDZwa0JmVXMzUnNsNExZTUxyNlMwS1hwSk1ER0VvUUpyN2ZxdFc3X05NQmhMcHMxMWR1czhnVGltSmlSTEp1ZFl5YVRsSmN3MTJTdl8xR2duaHJFMGt5cVNWUk5YUzRsU19DUlZ0YmZZekxoUFXSAewBQVVfeXFMT3ZGWHJ2TzBsRVFPVlpnSG5Bb1M1bmtaMGU4em9EaGxZREQzNnpGZ0ZvZTJhUXBVQ3ZhSHRzQ1NtemdKWTVEMWVUX3ZwTlJSSEYwRjhjYlJzUVpiM0x0b1JYZjF0ZjduV196NV9ZSEJia2JGWDhkcEZOdFgtRG5lRkREZ1FlNkR3NXpqTTFwRXktaTFiT0p1Yy1HS01wZDBZMWlucUtvZVJoT2xUX2xLVnBLN1NrRnZXYVpDUjVnYlFTd1ZERHZxMUNKM1dSZ2tfWGVyWjBkRTZnbUhJS185T2xReHZQOW1pSUVXank?oc=5,RELIANCE.NS
2025-04-28,Reliance Industries share price gains over 3% as brokerages raise target price post Q4 results. Is it a stock to buy? - Mint,https://news.google.com/rss/articles/CBMikwJBVV95cUxQZ0I5TWd3Z3R2dFBWR0VmZzdRT05OcXZQNnFabmg3aXFaMHQxQkxTaEZYR2VkcFYwNmp1TGNGd19pLWFYcW5BcmVQcTlEaUdGd21yQ2tSb3hObWRFRTZ1LTVFTHM1WHZfalN2VjVwd2UzclNGU1l4cFRvUGNlZnJhdXNIYVBCV2tCcm1yRUZ5VTFCcTlHdmlkV0xfYkZhUzZneU5Zdk1aRE1YdzR6VjNBMUV0anRoUHVKaWZBb0JweG1rYm5yV0pmcGFaSVNhaVozVUVBb0tJTDV4aWx3SHVySG9EVEJhdW5teWpwZmlhb0N6b2o2RmxTX3JUS1YwZ2pQWUdxeUpuSXBHNkhaSmRBUzlJTdIBmAJBVV95cUxOOWY4dWJHc2FYNk5NM1pvU1BWNFd4VGlKZ2RZZklSVWU5d3FYcUN3Rms1bTZmUWpOXzdHRTNSM3VENzFVSTlnTElqNTZ1TVZmSmY4OVhVMi1tVkRRTUh0V2htWHpTQ2ZDSkVJMldHLXBjc3ViUGdNNWUxRGZFTHJQcHRqYmR2ckVTbVR1WWRLVUIxYWVwaDZIMEx4QWJYV1UzbmRhSXNMLUxTd3NHemtpaXRoQkFtUEk1MDMzU1lqU3NmYmtmN2tOX0ZhWVlLS2tUYTBqSjd4RkhZaWs1ekU5T2RWNUlmbUZodVB2TFpmQUM1amRNYXdfN3F1b0s4RVlFNzgtQi1wVlFBRTk3U1hHZGFFR19pa0d5?oc=5,RELIANCE.NS
2025-04-28,Reliance Industries shares jump nearly 4% post earnings announcement - The Hindu,https://news.google.com/rss/articles/CBMiyAFBVV95cUxPblBPRFB2RVlRZnV0Q3BnaEdjby1pdk1adHBLZlV1N1gwcmxlNE1lWjl6VjZiaVlhQXNueXpzTC1EeEhscXdYWGJGb01OOXItenNkUklSZUtDcWFqc0Vuc0Ixa3RHRlNINVU0cjlMQ1I2RUxIVVJJUDFxdEllQXFjN1BTQk9Qb0dDcV9JZDg0VXBtbTFkS2FrT3BUZGpGOERUY2hPQ3BrVjVLcHhoT0dHa1lfQWxMRWprWTVpSXZuUkR2UGRzem54MdIBzwFBVV95cUxQdkJqOFBYUHAwZjFLMHBrem16SGRSQzVKXzNnd1Q5azMtbnBmSFF4dTlsZ2RxeDZJTEROZWZPajBZNXEwd0RESXJ5UnkyWHNFYUNYUDViTl84QzhWa09ZVlc3MGg4MkQwMnlJelRPelo4ektIUUk3c3l5Q3RXUVRSRXBoZnZxbHpSWE51QzIxOElTeFc3c2tram02Z0NtWGd4TnE1UUc1bk0zRUJWTk5sSm9kRF9nQzZqT2t2T2dmRGpGeHlxRk1IeV9NSW9yYTQ?oc=5,RELIANCE.NS
2025-04-29,Reliance Industries shares at inflection point. 6 reasons why FY26 could be the year of big re-rating - The Economic Times,https://news.google.com/rss/articles/CBMihAJBVV95cUxQTThSVGhaaHhOc2NPQXY4Qm5VYkJwMVd6Q0w4d2VWSlhJcUVPdUxIWXBydUVWRkRDbldfbWttTzRGREtxN3Z6NGx3bEp5cW4zV3VNUGttX1ZnVEpKVk53dWxrZGY1dV9lSXJCalkzbE9SRVoyTWNmMFVyV01ZOTNMdndnMEY0T1NIaEtPWm1KeHZNT0M1Uy13TVE4UUxOQkpoLWpiRWpBSTViWEFQQTY4YURiWS1RTURIWG0zWjFMcEt3d18xSkF5dmFpWkx2UHJObnNFclBkNDg0bTR1dUdwYUJfWUx6eHUxNGw5c0libnZZOG81SlJyeG9sZEZaRlN6YVVXUtIBigJBVV95cUxPUlY5UFB0bDdlNGNVRmpFOXptcVhnQWhyaWtkMVltbnVDRTZ6Rm5rb1k5dGx6dGY3LWFZVk1ydzZMRnM3ek41Y3h4emJqMkxRRXhmbGRyRVVDTVhOeFJnbnVHc09UaEZZYXVtS2lPZkNMTThtbTBNLVNsZ0stLVRJVGRaaVdDUTFiVEl6N0xPaUJ2Nk9LVzJweVhoeGpjb3BuREJqU2JGNmwtY0tEQ0V4OEZFVFNkTHhxZFIyQ0RodXFUanI1WWtSNzFLOGt0UXkxbENiVmE4eEtPMm5zTFZJVHhxOVVvcFNnNEpJVUFIQUZBNWlMTVl6WkVwT2ZQZlJmU0tKZENIWUFvQQ?oc=5,RELIANCE.NS
2025-05-13,Can Reliance shares rally another 12%? Citi sees 6 near-term triggers for RIL stock - The Economic Times,https://news.google.com/rss/articles/CBMi6wFBVV95cUxPMGczcHRqVzROU0R6eHY3QkxUNXR6TU9GQzNBOHBCOXZ2XzBZUE44cjAzMmw4Z1NJMjhlcWRTeGhsWmpoZG9qN19XMzZ0WDNMajZFM19nbmU3YjVRT0pnNHdCai1FbnEwNF9lal9xV2lIb1YxTEhOQWlYTUZtbUttNVRreTFtU0xFSEdUb1Jzb0FXSERhVkFoV3A1VWRGZFJIRmp4aGhpcWNlTGw0Z29jbXV2dDNyUG9feFdKVEJYLTNYRjlHdlJQMjl3Tnk5WEtDbkdKMFpqWk44R040blZaSTlUa1RtNU4zQjVN0gHwAUFVX3lxTE1wZ04xN1ZHQzB6c2c2ME5pY1hZMDdRSVktVmtsT2xHNEZfOHN3cVliRkpYZFFkRWYzVEtKRWxPbGVtREdpc0UwYVl3TGw4M0xsVUVOcXJuTEFOc0lRU1d5X0lTQllONW5fQVkyZEhUZWpLUkotWHFoV3puMldxMlRSaXhoU0tlNTkzcHNjOFlnR1RJZGk5aTdPMlllWGtENHB5eXVTYzlpRFE1RFlDd29xLV80eGRxQzU2TTkwUVdrMVZ2amJsRGFqSkZHZllLVmpzSUd3cF9iYXpFUGpIaEhVbFppX1dNTVg0eDJiaUktcw?oc=5,RELIANCE.NS
2025-06-10,Reliance share price nears record high after 30% surge from April lows. More gains ahead? - Mint,https://news.google.com/rss/articles/CBMi7AFBVV95cUxQcVpMZXFBaW8zMXlhNTV6ZGlGMzRlX1J4aFE2NFFxZUtJUjYxVWMtMTdkcEpvcXVjQVZEaDlaRmJXLW4yajlvZGdLckJ4cGZOal9xM0REeTR4NkcyNjhJeW9lMlpMaWNYa3FTZlZPbVhIMVVMN2tYYjVld1BHTFp1c0ZVU2ZoS0lIRXZRQ0tZYUZtbUtaWWUwdDFrYmVIYVByaXduam55Y0xKTGpxbE9nLVcyXzNvQUkzTk5TenFFVy1mcVpVWXlxLVYzRWVHeWlGZzNqQzlYZ2ExVm5ubXotTDRnWDcyNkl1M0JwM9IB8gFBVV95cUxPVFNNWDlhTGtkeEdRNlVxejlsUXQxc2FkdFh4eHg0Mk5rYl8wbkdnQU9nUWFMVWZ4TER3XzFsRG9idVUzUDhCZEk3NThkTmotQVdoMWdqdFJOYUc1ckZnSGFObVhQaDVPMUJlVlpkUnBoeXlRRmhsS1ZSX1ZpaWNUMHZFN3I1aUI0Wk5Oa2lhRG43c3RnVldmTjk5TDAxUkZnTFBibUZhc0hWZVlFUWt3c0c5M0ZxTGlmbUEwTXNlTTVJYTRTRzRyVjY1TkxFaGh0MENsM3FRanppMDZGcGtWNi1TUGVvd1FlYkNfUXZkMDR5Zw?oc=5,RELIANCE.NS
2025-06-12,"Reliance Industries sells 3.5 crore shares of Asian Paints at Rs 2,201 apiece - Moneycontrol",https://news.google.com/rss/articles/CBMi2gFBVV95cUxNc1l6bW5tVVZxN2lQTzc0MDBaSzVVS0JBeFVuMEttcnFTRS1iYjI0VWpVS2N2dnlJcGFndE83OGswalBUM2M1SlJfMnVPSDBud0ZBdGMzTjNGZ1NOUFRqMk51UF93VUVDUkpZbjF5dnM4RjY1OXVRNHhRU21LRlhGYlVyOXlYWUx1ZWVDTkpGRi1fMVdnemVlWTJwYVNLMnVsQVJhaEdfalVzMkYwMXBQUmJYdnhwNnBoTHAtV1AwVXBMZ3o1eWU5b21xUE1qMDVLWi04anZhRUZ3UdIB3wFBVV95cUxOMHlhaU9NTHBDbFRvNlNCaVFqcng2RmNrX3pGMktNV1U5cWdFUTVNaUlWM04zMEtnbzBzNnJRZHF0a1BJeE1xRFF3ZVI5cGY3dEF3YmhLb0FKYzZVMFZtQWg5aUZUMFNXakNtdkN6S0REZDloQ0YwTGdEV0U5UllDa0hZbXpGX3E0aU5ZZXc5em9LdC1jaHRlSWFWSzZCSWNRUlc4dmhybVJjUDFSV0RCTlV0TEVDT01tMUZaYTRiYUFFWU14c09vbkVubWV4VmhPXzlrTlFEclRwVEE0cl93?oc=5,RELIANCE.NS
2025-06-12,"Reliance Industries offloads 3.5 crore shares in Asian Paints worth over ₹7,700 crore - Mint",https://news.google.com/rss/articles/CBMi7gFBVV95cUxORVJWV3FzNE96dy1VdjBSSS11bWZYaWRSOXhIWU1fMFVUTDd6UnhGUHBIVzZQMlNSQjVrRWE1TlJlX1ItaVZ6OHRsY3p5RUlwVG1LVlllbF9QQ3RfSjltRVN0RHpvX3o5WnVuYnc3WE1uRDg4cEoteV9aSzlIdjdrTVhGeDdnZXQ2YTJGZmRPNGZzOEZLTDF5UDBBbVM1ZnV5LW5rNUk5WDBqY3JpMGZHbHIwZDhvcmpWWmxnWllTaVg3Ty1xMnFDZF9OcHBBTmtpR1lXdVE1NERIbVZlUGd5Sk5KeVhqdnA1NFBWekdR0gHzAUFVX3lxTFBJd0pMUUZEUXFZc0lrUnhWY0JLaU16THJxN0NEeEtjdGJvVkdFSVlSUUxsWF9GMmlfODJIXzhYeC1PMlJ3bl90Sm9vYnFUS2JHeU1ObXhNcmtaS2hFWlo0OWRmMkhOWWpxVXJuUGhOR1IybjdyT0tBc2pmY09ubDhtcDItNEQ5Z1RpNHljNXozbXE5aVkyQnhoV2ZTTkt4c0dfQklIRTRDdlhPNlJkc2NadjQ4UlppM0ZyXzZLay1uckd4emZEdXpqcDlfVTFVQll2WDdKeGFUM056OEZUTVBlMUJudDRYa0FTSXhfa0NKcFEzbw?oc=5,RELIANCE.NS
2025-06-18,Reliance share price jumps 17% YTD: Can India's most valuable stock deliver more gains or is it time to book profits? - Mint,https://news.google.com/rss/articles/CBMikAJBVV95cUxPdldsYVdjQTJvSjJrVmVsMy1QN3Etem9JZkZCUTFyQWhmZkQtLW1wc2ZhREdES1h2bFF1dnVTTDdETVRKM2FUT1F1ZjRFNDc2RllPdm41U2o2VVhmRlFIWkdnamtNclVOdHdkaFB0LUlaeXNkQXg2SnBncVBEdllBbC1SRzRPSVRiQnFaRldReHA3M3lCZDdXd3RSOEdmcGJMemNvMi15aDZTdEljcjVsQm9lUHdSNHZMQVhmOWpVdnRiY25rN3M4aTdEbTdxXzdFNUQyT2xjUXVkNWllNXBfQ3ljTHI3bzhyX3ZGYllJeWkzcC1TaURwcTdRSDQyMjVFbG10Q3dQQW1kQmhvaUFuVtIBlgJBVV95cUxNeE1hYnlIMkVwSFB5d2hoTzZUcWtmTHBVbzFZTEhlVGdiQXg5SUgtem9NVGtvMkZuTHRORnVPLUEzWmhlVHh5bTl0TW9HTU9IMUxPU3FIai05YVpabjU5YkpHR2VnUGlGV3ktRklHMmR4Y1hYMlNRaXlsdlpNSzFYQXFFckVHcVR3X2VFRXlnUDU3Qy11bFNJempqWUE0bG5LeXpEUnNUZWVfdjg4WlF2M2JNOUNIT0xQbnc2RGo2X3NZVUJUUWprdnh0YjhRZ1RwZGI0b3F0RlI5dFpuc1g4SkR6bzdkd2E5Ni1lLUphWDJxUENGWi1pMEFEbzY1SUtSVkFnY1ZqT3RsQS1hLXJuLXVLd01Kdw?oc=5,RELIANCE.NS
2025-06-25,"RIL Q1 results can trigger rally in Reliance Industries shares, predicts CLSA - The Economic Times",https://news.google.com/rss/articles/CBMi5AFBVV95cUxQM0FYYzNwdkw1SjROZnc1VmhRYnpIQjJtZ1pKNWZZQjQ2YkRMOVBYOG15Wk40aUpCNnJyaXE3V1pzclF5bTJzc3pueFFWbkdKQW5PSXBMVUd1MnlQbEhNSEhla3FyRUJ6N0QzUTFIRlItTHh4N0RDM0piUXkzOWJyXzEzS0FiLXJFOVBpeWdzSHpKbVItYzhHb1Nka1NaSU00S2VZdEN6aXZ3dVFuLUExRVFaVU5ySUo4aWtMREhnSTV0UnEyekxKZXJkVmFjUU1SQ3NpQUp4SFpGdWlEYl9paWNNcW7SAeoBQVVfeXFMTUNKOHhlTEU5c0VnS3AzVmlmV1F3RnBPZ1I4ZFN0TDVTcWVIQXNqd2MySHBEVV9GOTBvX3NMYndnaWFPM21Ya2J1dWdpLVFSbXBrdjBHaWd6bk5YU2x1eW0zUFFXYmRoWkpOckRMWTZmenU2Ukc0NnFHVHdKQXlOa0NVbllSb25BOUFoZm91dldiZXdNNWo3QkJJUTkybHJfLW44X19GQlpHOU8zTW5fN01NWWVzODkyN0dmTzM0aXlzbnkxZDVCSWpWNDAwdWVSYUNNdnJ3SkRjb2dsSlA3dnFXY3VKaEsxUjN3?oc=5,RELIANCE.NS
2025-06-25,"RIL share price outlook: CLSA sees Q1 as turning point for Reliance Industries stock, predicts 14% upside - Times of India",https://news.google.com/rss/articles/CBMitwJBVV95cUxQMHdlYVdsRUNIc3F4XzBWTEdVQV9iTFJ4YzhuRFJLQzFTbzV1a0RDZXNlVXlPTE9scXBDbDJxdXJTU0dDZXp3ODRrRWl0ZlptY3VwTnlQRlpMd2hoWVAyOGdQM3FkQlozclp5THkyMDd1eTNnYmRjVmVxcnpzOGZIdm55RGIzaXpPZk1JMEdnVkxlZ3NESVFwRjQ2d2FkQURLenJYbDRqV2RsMnRmQ2RlUnZBQXhtQXFPcVBFMlZiOVBGSHF1QTB3S1VOam9ieF9qemlla0VuT054NzducXJjX25JSkJQclllbi1oN3N1TVY3X0tlMDZyLV84NWpQbFJFZVJxS1VDSkZ0dXlwMEdjTGJ3MVRRY3FTb3ctakFJT3BiczV4S1BwT2lVQ09XVnprVy12bnBBVdIBvAJBVV95cUxPU0E5OFg0bFNpQjdpQ1ZucGU1ZmpubVZTVDUxNDc2QWpocUxXZkRzc3N3N0VKMUxoMFh2U04zaTB4NnRkM1VaZG1ZZWYzTmZWYVhwekc2QTFDNVdDUG9icVp2WXRGOUxNRTBRNXVuNDJjVlVZQ0tuM3BjZW9pMnBXa2ZUSnBQMjVHTHpDTTl0TnRLdnM1cUYwZmJTTHVTWU5xN0xZSGJOSTJzcHNqRGVkWWxNNFFHa0t0M2xnTklweGIzNkNpUC1lWF9xNmxhdHF1cExzaTNYOTVCS3pUX0lDck9kWHJsRWJBcjZ5Zm56clFXU2hLOFR2ZmxXU0RmLXEwT0tMa0g2S0ZfOGl0MmZZOEFqREF2d2czV3lvREVRMEd5MFRqc2ZYWTI4OXZRdVpaWjl2ZzMwMWViSVgy?oc=5,RELIANCE.NS
2025-06-25,Reliance share price gains 19% YTD; time to buy more or book profits? Experts weigh in - Mint,https://news.google.com/rss/articles/CBMi-wFBVV95cUxQVTI2UGRsTkR4X3QwaURNTjh5a0xQRXJkUHJPekFUTEhoRjUwT1dHdEhpaVM0ZU10SnRWLW93STVHZ000Z1hrMUQ1am1JOXVpUEJ1X0tiMzlZSHBPUk5vZWZRREFJQTNoelB4V0pfSzA3ems0cmtkYjBWa2Z2bXVJUU1ZQXJYV1ZBTmVQY0ZSTEpsSWdnSlRWYzhRR282Q29ETl9BdG1zY2dWSWJjc1NsUEVPR0RCNEhUUzdqc0ZtMXNSQWRROXgwVzFFVWM4UFp1OVJKU0FYZVIwWE9ULXRvQ184eUh4SVJxR2lZMTVWUW9WWTlrVlZKdzBIY9IBgAJBVV95cUxNU0ZLVGtRbGJUNWpxRkpkLU9LREFRTENKRW5lVWhRMXZ0NmZScmpHTW9xOERFT25GM2xGUFoySEZNTlRTQmdWRnhsMzBicDJJeXkxMDlHdDlLeGZPakRrb19yVWt2LVllRGllMzloLUNuVldYT0p2MzlYTHBraS1uRWJ3eDhfZE5JLTZjM0thR2w4alNHT3VJSERBcGF0SXBaTUV2bkZTVE5zUElRdm5oNnd4T3g1d3piZlRNVUdQTGQ0WGVhcmtLUnIyUWRJU0h4WXV4RkRWQXpsd1pvbXNPNGp5WUlrUjJkN3lldEVIdThqZWpyd2hJNjdIZWVpRGst?oc=5,RELIANCE.NS
2025-07-01,"Nuvama gives Reliance Industries highest Street target on solar push, stock up 2% - Moneycontrol",https://news.google.com/rss/articles/CBMi3AFBVV95cUxOcmY2eFpXRVFZNFltM0N6Rm02bUJIU0cyZklRdmJtT3phUVQ3bEwyN0VfWkNmOFpoZHlVQXRrS3NBQk40R3BRb3hEaGR6ZFF4eWR0RkdCcFNqOG9VSmhPZm9feG9mQnRiSmwxbHFPRThTOUhwc09PVFNhQ1lQZ293WHhsTldPY21JNmU5V0U2enhMRmRBYVZSSzRLUmU5T3NCTUNwQUY5MTByLXEwS3JHVHA3ZUZoc0hIWUEzX2xzLWFQdDhSQ0w2RWZMNWlnYmJNVlZzbnBNVmI3SGs30gHiAUFVX3lxTE4taDZ6RzFCMDREc3pVYlRhYk8welRyX1E3cEc4aDEwQ1JwWjVzYXNpZ2pVbGgzNmd0VkFIeVZWV0cwYVdmbkVzQmxGZUJ0ZWNtOW1DMHpuZkgzMktmNmQ4T29CSFlrWmoySlhGcDltVVF0amtzMUt4WUFfWDIzYXNYWGZGZ3l3Y3BWS0Y0Q1dlSVFuazVxN1l5TTFSX2FaTm5pZ0l3d0dyRUhjaXNSMERDVDJmNTdPandmckI4N3JTT2RDYUplemRpVURXeXN0bktnQjFYV1R0LUJqQnFSVzdHWHc?oc=5,RELIANCE.NS
2025-07-02,Reliance Industries shares up 25% in 2025; 4 reasons stock could gain another 18% - The Economic Times,https://news.google.com/rss/articles/CBMi0AFBVV95cUxNd1ZkWjNEZTNJN2czckNibjFZY2lKNEdqaWtUZXk0Q2NRN21oYjZjcy16aWd6aURlQjV3N3VaT2JndVhCVDktQlE1RXhjcXk2dHRJU3BiMXRJc3RJMURGSTluWHVLeVJWZm1vQU12SUtXVDFHdS1QVjlka092V3V6aDdSb0s2aGlMWF9neUYwWVI5VmoyLUxnbG1ZcjZKTW1HRFh2OHlPUmtxeDV2SldkdC1kaDhoaWdPdmJjaklHS3pZWWxFaWRGeUQ5X3ZoOEJL0gHWAUFVX3lxTE9acS1EeklhRGpQakRBdWhpZlVYbUhGUUtxbmtqc3UwWXhZZmhPOXNMbFp1M2ZhbWlCSmtZa0ptNzBYcUlfWTVmTEtuemh3cUVMM2V6aWlHMGlET0NPMjktUE9QQ1VRUUNaMkVhdlpiT0RjNEl2MjU1aGQ4UksySjNGeVhicFZ6RGRWd2VtNUFRTkhwLVpGd3MyWDBOR1RaY2lCZVV1TU1nTUd1N1Zod2dHeG83OUk4SGVfdldhMmswelpScVpOTGNSWlJYVGtETEdwSEpUamc?oc=5,RELIANCE.NS
2025-07-02,Street view: Why are analysts bullish on Reliance Industries stock? - Business Standard,https://news.google.com/rss/articles/CBMizAFBVV95cUxNTURTUEEzeGNrUWQtbkhEdjMzRFlzRkkxN0pwVU0zVFB1b0FrT1M0OUpGT2hJMW03TFpzSDVXZFE1SGJsUE5vYjA1Z3A5eXF5Z3VQbEJDNnVndlE0QmJYeG9ySWVoc2hhVHVMSVAzc3Z5VjhoN3FuWXFHSEpDUmcyYUJURW5LdGpVRFJncnp4c01PQUw3VFpESTVJLTd2MU9HS1IxbGlwT3hnM1J1NlhMeWRBMDVocGc1VXFEbl9QSS1lcnlRMUl2dDVGalPSAdIBQVVfeXFMTkFORi1nYVV0V1pEQ3ZUekRpRE5fZWppX2I2ZDg1d0FORENBVDhDVWFFb3VUM2dEeVU2M3hTaVl6aGh5OG1reDFfM2RPemFOMGxBSkZyM1JCaENwTUlab3hDMXlNS1VXdDRyS1JuaHZmdGFHT1ZqQVVzeUFGaEk2TC03aWhHT01kaWM3QXAyeHppbnVaU0h1bTVHSjlyNU5haUpPalNXbndSUmZZMWFrNzJaUGU5UFQxbFUzMmdCbVBYRHFUNWxvM1g3NDB6RW1OY1RR?oc=5,RELIANCE.NS
2025-07-03,Reliance Industries shares in focus as plans to spin off FMCG brands into new arm take shape - The Economic Times,https://news.google.com/rss/articles/CBMi-gFBVV95cUxQbl8zSV8xSHFYQ0xmZEQ1aVdPVmpmdkFDbjg1d0kxc0oyWWxYNUdNNGpPWklBMTEwejBRR3QwWUdKNWs1TU56Q2haR1c2VktEdHdvamRHb01vME1qeGNJbG43R2Utd2pBOU1FM2FFcDQyWnlqTE9fZ1pHYktISkhBdXNYMVNJSHJpemlVYlpFZ04zdDIzNEZ0YzA5b29taHdWRzlUYUxNaGx2N20wS0htVWUzV0JKZlRsNGtoeWdMWjBnZDA5SEZUNXhWWjBTX2d6Tml3eUExZmlKbnpIQW1sZzdWc1lMenpTb1NFUm85VTN0dF9PYUpEb25B0gH_AUFVX3lxTE5WTDhkTHpNa1ZaOEJ4eDBKYVRsOXpHdjRLT2RKUWxMTDU3bVZZQmNlc2dSTDI0cTY3Y3RhS3BpcUN1SEtmR0R5ajdveUFMNDhfLWp3TWo5RE1maFFqNXZFTERVdF9COUpiak10QWY1YTVuN0dqUWNYTWhnZXFNS09KWGFzYjdGcHNrWHRnVF96V1FQOGVyT3BXdFNaa1U3bWdaMEM1OU9wU09KSE5FYjFqc21QOHVqYkFOZGJKejNQRUZvZ0NBaFd2dEZxZFRLcDRWeXJYZFVLaW90cmdMeDdRNk9YOFZPMEM5UWUyQ3JPOG1acm82TkstcXgzMXliZw?oc=5,RELIANCE.NS
2025-07-04,RIL stock rises 25% in 2025 after a year-long slump. Is this just the beginning? - The Economic Times,https://news.google.com/rss/articles/CBMi5gFBVV95cUxQRVRLcUlHQVplWlhYbWdGb3BsT1ZkbUZycUphWWxsYXptQS1rUVBUeWJ2bnFRdGF3S1hSWlEwcWh2RzNwOG9VNEkyd2hWakdlaDVUVmxnZ2J0Y3RQMXRqWGNNVVJkYm1XdmUxYjRaOEY4OEZUb2htREVPaElQYjZ5Rzg1cWhxaDI2YW1UT1lIR0pYdkJSb0NmMFo0bG9ZbFlwMDU4Mjh1N09scWlCSVJnbndYaS1rSDkzbVFsMW5WYVlNODF6LVVzbmJnUDVwa2paYnZkRnItOHVTNTFtTE1OdnpNYUVwUdIB6wFBVV95cUxQNzFxUzFEUGtSZlRxYjVwQS13OUJnRTgtbGRSWHNWRTZSVWJEeS1yVVdhVkEtX21mSzFncHFXajVFUXdSZ3lEb21mMWZtQ2xMLW51UXUyM2JNaS14M2FPRFVhQXdTTVVIVFRvajJ4VUtVUms4TUp6MGtYZXJlcldGeERpT3BxcEswVEdva1Y3R1o0NGJJd2hxNVAzbnVfS25rOVQxMlc4OXdJczFnVF9KeGhPd0JsRmVFQk55UFdjLTVKQTRjSjEwWm53NUJaeUhNUlF4LWlBRDI2MHZlVFd4djMyazdYc3Z1RVBz?oc=5,RELIANCE.NS
2025-07-04,"Stocks to watch: Vedanta, Reliance Industries, IEX, NBCC India among shares in focus today - Mint",https://news.google.com/rss/articles/CBMi7AFBVV95cUxPdlo4c0d3TGFCM215QjZHdzhRcUdvbUgwRW5tSUIzSnNMOVlvTkZqLURmeFF5SWVLWTh2TXFyMndjbkd6Ny12Z1FES1lYbHVjZ1hZRXd1OFBlSFZuTlJ0VmN2dWlrS2NENmZsRmNrRzVpbE9lQVlEdDNuTG00M2tmZm40amJIZnpuelIxYmJQZ0RjdHFpd1JKQTFyMEdDN0p1bVVINlZqY2M0WkItT2FhNWhqaTY1UGkycjNFQWtxQ19lSjlKZHgydk1uLS1teDFLd3FfeTVOTXZ5ZEFPNF9fNkI0ZEIzMEdhRXUtT9IB8gFBVV95cUxPc1BXZnd5WlFGYVAzaExWekRHM3dtZ1QtdldNcUdjMUY5NVAtalBHRWRNZFNSWWdjZGxxYlA0SThEQjBiYk9QSEMxTnZ1ZGtiaGlLbkxEMHRlZFJjeDhwVnRKa1pCUkNPVFQ2bmhfajZNVTFEVDlyX1RvNnZaWjBVYmRKR1lUSW9DVzZ3a0E2WjNkdTctMTdueWoyRzFnYTl3LXYybGNLTWdPT0cxdVZMdjdndzl5UnNnMS1WWW5fOHFhRkdaZzU0TXNJRVcxaGVJajJ0TVNJdkNkRk54REFKVWVndDMycGF2eDRKSVhYcUN5Zw?oc=5,RELIANCE.NS
2025-07-04,Reliance share price soars 37% from April lows. What’s fueling the surge and can it continue? - Mint,https://news.google.com/rss/articles/CBMi8gFBVV95cUxNbmw5dllidWtnRExhaHlaZXpCTUFoRmMxT0N3dXFJZllwSzNVeDN1aTN1S2Q3RWNoNGxhOV9xMVRQbGU1NlpXM185TnY2Uno4elNQR0xmcVlMdnRIVnRUYnoyYUZnbUJ0VThuSzg1NW4xYTBPQ3VpWVJGekhoQ2ZVSTFwQlFJT21GRW82WGQtNVdSdm9mTGFfSDFLeUoza3J0Q3d0Umh3Yi12M2F5NmFINEVfdTQtd1doOGY2S3hHR3c3bWNBNlBqSkhDWVB5S1Y2M29QRmVJemRaOU52N3ZtaDdmMEJwRUU2WkMwVVYwOS1yZ9IB9wFBVV95cUxNYlZQcmpGakIwS09JNnJsb2RZOEk2Z1VfaF9yd3c2N1RtbzF6X0F2WXJBWjRrSTJMTHpRZjZQUXIzc19OeGd5SThCbG1nSXFfUF9GQzdEQUxYN212eU81ZlhuZFF4a2hNMF9qUlZ3eEU1aVptVFVRYTN4VUNycGFWR25Xbmc4Q0ZzSjlBOHlsMnM0b2o1M1hEd1FjQjlMWkh0dTc4OGREY2RGNVFHdjZmTVBJT3hMT3ZqOTV0RUU5NHJNTkN5Z3h2cjlHdExKZFJYT01fNm80enM1RkRaM3ZYMUJQWlFqckRtdk1uQVA2X1hNcDRGbGMw?oc=5,RELIANCE.NS
2025-07-07,RIL stock 4% shy from peak; time to buy or sell? Here's what brokerages say - Business Standard,https://news.google.com/rss/articles/CBMi1gFBVV95cUxOLWRLcUsxRGdSLXR5NDEzd2VBOEhUNE9rTzJabFdLUmUyNFhCZF8tLS1zclJiVGZFTmpROHlWQ2tWTm5WTGpFSUcyclVTM05EUVc3aE05Rkc2eTRlSjhvQTlhMTctYTVOWXNjSnh5SEVseF9kQ2dpb3VjcDNSSUxnRzRwQmtrSjg4bl80cHhXSkNSU2UwNzYxRG10OS1nVVhTSXp0ZFhLZU5GdFVJd3ZqSTNlMmRjZERrTlpEZHBHd2xqLWhzN0Q5cEw2NWpVcHljU1pSNldB0gHbAUFVX3lxTFBSMXJNeG1UMzllYVp0Y2tWQ1RCSTlsbERZTHVwWWlnMkRoRmpKbFdyUWdKVnBINFY2QkxYcHRHajZIZDFNU0lGdDZhRDRXZVo5WlI4NzFnY3VjaXdXY0gzdDUwRnE5dEpNSGcwdVpQN1l0VC00NHRULVdZTUsxUFZYNUd3OUt4bFRjYXA1YzJqRGdXLUNwcHJzYWwwcGhvbGc3WjlzNG1POE5oRERaMUhOVnAxd2k2SE1EdF9ZdmdwLXpnNHBsUlhPM0htdi1TUzllTzFiSW9aa1pKMA?oc=5,RELIANCE.NS
2025-07-08,Reliance Industries stock near all-time high: Is it a buy at just 4.6 % below peak? - Mint,https://news.google.com/rss/articles/CBMi4wFBVV95cUxOa2oxck1HOFE3WEt1a1NnVXFSMEt3bUx3S1F5MGJ1VXpzaFkzam1oblZxTUhJa3h1THNyUUNHcGdYeWVVdG5OR1lERE9PUEdRbjVtZi0wXzExRlZYUzlFNDBsdUhYQ0RTSENJMWpOTFhHbFlJTGJZZExyMjY3QXhaaVdESlpPNnpSSFpjOTlBYktHY0hUUGk3a3RlWkpaVHFVdHZvczkySERUUnVod196OEpoaDVrN0xmMHRCY3FOZmQxbVJ6UkhwWWhmaWp0TVVwNDRmVEsyRWlvbzFadC1fTDdiUdIB6AFBVV95cUxNZm9laGJvTE9KOHh1NUd0UklLT2VFVGhyVGVyZFZta25OM19kT2FQd2tqSElTdjE1SV9nUDF0N21kTm1wQjl3dkc2TmZJSU9iSkpnY2RTTW5WbFZfN1F0cnd4cTlNd1diTU41a082bkwxVm0xZ2tMOEh2em9FRE01VlY3SXpsTHdvWnFiMDlwejlYblZEWUU3WHl5d2x6S0lPT3QyWEtHUlhvaGdIVl9wV2Z3aWhaampPNFVUSVIwZjc1VF9SMDRWSE5uMUw2NkFiWlBiNU5YbmI4MVJfUG5hVFh0Sm5NdFJu?oc=5,RELIANCE.NS
2025-07-09,"Reliance shares fall 2% as Jio IPO pushed beyond 2025, retail listing delayed further - The Economic Times",https://news.google.com/rss/articles/CBMi7gFBVV95cUxNSU9wVkR2Q1p5OHBfVk1JV1Q2UTY5VEw5VUtJLWw4blJfYXRHUEhTQkNtSzVueS1OVDk4amJFR0dNc3JzMV80ZHBubE11WXNXVjA1Q29MTkZPSGJMaUZmN0Z5ZHppUmNQMEEwbUxHQlZNVGpWMkhSYXlaT3VXckQzTldEaFJRbUJLcTNzY3ItQl9EUkF3MXVBTUJOYVVGX3p6eldBM0d6UWdOQVZkcTVhcXByR2U5SWRUTFRva1FNYkFPVXVXcmdWZzZ1SzYxdnFNUS1jM29jQnlJVGVxS0RHTGpBU3N2SDQ3SjdZU1ln0gHzAUFVX3lxTFAwT2ZYTG03WHhEUDdPdWtVcEptb0pxdk8tSGdLQUNtYUpKdENENHhLTFppcWhpb1V2X0d2YVhQVkNrQlI2RDBWbWs2Q2VxM3pNZ0J0c3ota09aQTIwOHJvSnlWOFpNSS15YmFyMHdzLVUwRHB1emdkR2U5RDZMeVhsMUQzUld3dXN4cHBsN0ViMDNCZTF2WnYta3Q3Q202QUF1V0NaS2QyZkVLLTRZTFUtNzFSa1daZ2lXM0pySzRSRjNRTlM5bjhVaWtka3F0a0hOM2NjV0NxTkk2SzZEdXBmRzRzTW9rSk1uWlZGVUpSV01YZw?oc=5,RELIANCE.NS
2025-07-09,Reliance Industries shares slip sharply; what is weighing on sentiment? - Upstox,https://news.google.com/rss/articles/CBMixgFBVV95cUxQbXZEUWFRWl9hUUU4bkdPTlNVdUh2UnhsQi0tNlVPVnNXaGk1b1YtUzM1QjNMVFNxUnppV1pwd3hlOHZ2UEdOVV9BRjQ3b1Z6T0U4NUw3cEh2RFp0STd5bVdadkRFeWw5enF5SWdjRWs2ZG4zRjNFMmFqcS0zRHNEVnU0TC1jMGVQZ3lIb2l6dlF2cmhCV0pKQXRpUERwV0xuQnpCd3VpMHRfc19DbUpyNVo5a29yZzBJdXNDdU1BdEFCUGJMRkE?oc=5,RELIANCE.NS
2025-07-10,Reliance Industries shares recede after testing 52-week high range: Is it a breather or trend reversal? - The Economic Times,https://news.google.com/rss/articles/CBMihgJBVV95cUxNcmF4b0RLQ3BBUmhtSm1RR1BYSVF5MmlOUEdaa2tJV2cyQ0psbExfaEM3dGdGZFNUel82a2xpXy0zVWhTc2NKenpxekM1aWpWM2djRG13X3l6UXZfN0xtS0lJbzFmcmxFb1JHZkxsaG1XMnZhRU8xRFFDVW9zX21GMW11ZHB3RHdXbjhVM0xON1U0aTRkcDM0dktXbThtQl9sR0ZRUTVjSzAtbkZhRmNzaHNTNF9vQXhKZEs4ZVdjNE0wODBSUWRkWHc4VjFieGtTSlB1aFVMR0xzQUd5STU3aGFzUnNYbGp6V05DNXEwakhGZ2U2SEVWS3FDMEs1TWVocTJxNUJ30gGLAkFVX3lxTFBNZE1SN3dVa0VWLTR1TEhobmpWNm8xZEpqTkJGcEoxZHZ0SWt1dnRPZVZPOVlYV2x1ZDhIaTVSRUZGeTdYQWM3N2x4V2xEWmhTYkE5X3FYRE1udWlud2owc3R6Y1lPaHZDcWg0eVJpOVVNbGZsVHpLLTFPWEtmRzlRNlBqdFZJb0dseVdEUVBoTTAxdWZJd2JvdFRFYmstMHhxdGF1ZkpOZzRlRDJxMVRIaGxwaEtkTHItZkZRWWpHcWFsRXhQclhpZnlRaDJ5WVAyMVAzSDNoczhxd3VuQXcxWjZGNUY1LV82UVZPQ284elp4b1RvUERZanhlR01HYnBndnM4SkRuNHdUcw?oc=5,RELIANCE.NS
2025-07-14,Reliance Industries Ltd drops for fifth straight session - Business Standard,https://news.google.com/rss/articles/CBMi1AFBVV95cUxPa0Y3TlVpN1RjdnJJX3dTU0hISGkyaElrVy1iSTdobmpKTWpVdGw5UkVwX3lFZmx6UmRHQmpxUVNTUTVoX2dtQkxzcWZnQlNaZFdkQXprVzE4Ym9JdnRxOUNrQWZYalhza3FVOG9RUTdyU0p1NWhRSXIwSzJNWU13dWhqVzUyeHlDeV90aXE4S3hfR003Skc3c3Vna3ZvcExiTV9qUlk0czRMUjZDaVhsVjJlQkprdnFPb2J5bUxwd0hmUjBTbVA3Q3FEMjBNeGxHRm90d9IB2gFBVV95cUxNNGxxQVJHT2pXS0FGcFFyVFZ2d3dGRDJOb19Sa1RqNEdIa0pfUDhoXzRHa3prUFdWX0JMaENYZGEyTi1ndFFWcGJDZTljeS1uYzNTa1hGa0gtcThfbU5UbjVGVGNWbU1YRm9qVUJIb1hKYTB3d3d2dUhaZEEtSGpjNWttNURUQ0JzLTJqWWpJZ09RQjV1VFg3UHJPTHlNNXR0MHQxM1RxamUybEhpdFkySDFmajBPZFVwelRhel9SdWRPcm9DS093dlhja3hKOW82N2RMX0Zxbm1uZw?oc=5,RELIANCE.NS
2025-07-18,Reliance outperforms Nifty with $40 bn gain in best run since 2020 - Business Standard,https://news.google.com/rss/articles/CBMizAFBVV95cUxQZU5rSFg2d0RZOWxDb3RHUkxCbGhROUJEUzBmZk5CUnJXdTFVZ1RpRTZwbEEtRmxkT0NiWHZpM1FTS1g0aVdCWUVyU19iUTZ2bUNiN0lhVFRBcTZVcVc4ZGxuLWtPazN3VFU2aV91UVNISmZiY3FmLXNlUXNwQ2hpRU5JRHNBTlFfYnNoUGVQenNaN19jY2JmTmlQVkhEck1jQjZyVDhOODAyRzJRakZkcndfamZJMTBvNzUtLW9BTDQ1Z25jTzNTTGM2aGjSAdIBQVVfeXFMTUtROGFycEZtLUgxSXF4N1Y2ZXpMRFhzM2RvNDREdnd0aVdhMk5PSzEtQzIzdXFsdEZHaWZKM2tkSHVkRnZTQTFEdEhyMTBEczBjc1hiWmU4NDdvakx6QlJSQ1lpWXFaQnhrcnVSSDlBR0dRaVJHSUljVFk2Slo2YU11bzRYZWREd1pDVmJNODJwRUlQSm1CSkNQSlEtVmZiSmNhb0NyRDJ6VjZwODV6WE1oMUNzdVFuSGFNYm9jUmdNajBXakRfeF9XajRzNW1aakZB?oc=5,RELIANCE.NS
2025-07-18,Reliance Q1 results today: Street expects healthy earnings. Is it the right time to buy RIL stock? - Mint,https://news.google.com/rss/articles/CBMiiwJBVV95cUxOSEhLZmJfNUN0eUlVQ0ZMQS1fLXlrbGtwYmU2bU81ZTlTd05YRmN0dE9CV3VqbFUyZ1VlNUcyT2wtWUw0LUJZOVo2d3hOMjJDRFRSRGlMVU1kUUpmcHhmZTV1djRSS0pFLW15NnBTMTFKN2Nad0pJRGRabFN3TVdHejFuenZacjViVFdjd1ZzOVVNYmpxR3hWbWxhVXRZRDROd1pzR3NyMjdIRVBBRU5ROTVpa3VLWk5JVi1zaUhmQXZXellMRHNXY25PRDhyVmlpb0FZekRXTmFwREY3a1FTR2c2VUF5cWhSazFNU2UzcGdvX0RlZ0UyYlh6aXVZWDB6ZDZRWnlhN3p6MmPSAZACQVVfeXFMTV9icFNZbUJjTXVBdFJURnJ5M2dtLUZOZHlERHFvbVJmTkYtaTdsRnMzMGVTTjBubGVRLThtTHN4ckM0U3RXRElhcjFRQUJTTnZVNklLRmJWQ3l5b0JjMENiSXY1UXRSdmM5OVlPZFoyZlFCcXA5MFBfbjdTeDVyMXZmdk9UZG9WSVFtUk83NTd1M2tGb2dPMWlueGUxelZ5RkNpVTMyTFUwYk80VjlKWUlHWFdtOE1QWTV6b1Y1YXhhdms2ZW94Rkp4MTR6LUxNM0FVYy1HTDhaNkx6aGlFSERHSHVMeXdaUmVKa01MM25QaHhlbm5MWnpsdnRqZV9PZXVTVExXTkJiRzM2R0NWalA?oc=5,RELIANCE.NS
2025-07-18,Reliance’s $40 billion gain fuels best run over Nifty since 2020 - The Economic Times,https://news.google.com/rss/articles/CBMi0gFBVV95cUxNUDNnWEVNMWNpMjZFTWdKeXZuQXJtWWZyTTBETG5Hcm1mQUlrTlhxQXhUNFhlazNabmpoTGMyTWo5WUNkdlRLbnVTREZRZ1VMTHNTQXBZbW5tSmlxeDBlWFJVNnYzS3h0S0puZEI1RXE2aWFFc0JaQVBiSVhZQTl4TFFxTmgwZE15OEMwRWVtSjkwX1pJRE9vRGt1WEpfNndIemdPaGVQMWl0cENDUWlyd0RjSzZRRGoyd1NuZWZvbzIxZUppdmF3cEhScWVlQkFGSHfSAdcBQVVfeXFMT0lORktrQkhqYi1ZZXdHeF9GbXlrZWRQLVB0Wk12eW56dFJKTzdwa010Skt4R0lpNnhHSmlPUnl2MjRvdDByRGNvbHlERjZ4ZzdWVWw1aHVRYU1McGFyZVV0dzFWYmRNWW9pa0tRRUZ3MU5jWjcxSVpDVG1zbmJZUkJRUzZEVGc1RU1yb1R1dUNmaVF5RUQzbGNEb0lEWUV4T1pUTE82MDVfa194UWZERS1MYUFuS2k0aHhMNXQwSm9ub3pZQ1NOd0szUlEtLXF5TFM3bjNsems?oc=5,RELIANCE.NS
2025-07-18,RIL share price: Mukesh Ambani-led Reliance Industries adds whopping $40 billion in market cap in 2025; b - Times of India,https://news.google.com/rss/articles/CBMiygJBVV95cUxQSlBVZWFVU3oxeGJfWkEtU3NVdjFubXFXT3F2MWZVUExMTkt4QVBab1dpNUFmdUxMd1lpX25OR2JvNXJ3WWJIYjFUN3N1UjZMTk4wN2l5UmJmLXdVTGpXVG5JQzJxQWJaU0V1ZzZqOWN1ZDFvZTJYZXhjem5sMm9PMW1NQjlSSlltSHBJZmtoVmYtbHMyRkFEM0N1OVkwMlRyc1lubHlUT2JnVUdHeENlQ0RwbmJiTEdfcHFnazM0bkQwQzNqMWhWOXdhYW1YaVZuMXZqMjBETUdxS1N2cHZBLV9ZLTdscFZvbHhlQ3Q0bGJTTEczV3ByOUpNeG5acUZrN2FpcmFBTWJoZE1jeFV2Rkxubjg5WEFrcVdQSTZNTkFpbm1NUWVELUlhdUNRTDgtVlFlQWk4S2hEMXZjZjZNMkZURWVoZWNoUEHSAc8CQVVfeXFMTmRieE5WeVhKTzRNdU9tMkh1Qm5RVHdQb2h0cUpiVzhYcE9kWWN1MkFEUUJzZFowT1dwOEZmZFJZWmZnYko3QzBXY1dsSXJ3bUY1QkY1THo5SVdEX2c1OXpXbE9yd2EySV9nZGo2QUdURXBpTG4wVlA3S3hzbWZYS1lDR09vLWRrVFBNTTN0QUJPSlVKZjZxdFp5emt4bEM4bjM0SV9VU3RlYWVQdTVJU2pNNHY1YmtxcER4alZmNk96UzhSZUdjT0ZseDItNVV6RlQ0YjdBV0xlSVhnSEZLMnRYeFY5MTFia3NEeVhmdW1qTmdnVzMtYy1TNWxtMGZydndJeXVUZnFnMF9reDEyU0lydTJUZHNOUGY4Umg1RVJSVGE4R1oxdHk2ckp4Q2s5MlhVTkQ1eGNuZHlybFBkdGc0TmZOb3lpSl93aHdnY00?oc=5,RELIANCE.NS
2025-07-18,"RIL Q1 results FY26: Reliance Industries posts net profit of Rs 26,994 crore; up 78% YOY, beats estimates - Times of India",https://news.google.com/rss/articles/CBMilAJBVV95cUxQdW5fQzRPTWk0NTJXTkhJUGh5cTdKXzhvRmdzQmZKMVB1RkJQWFpvdXg2YkROUVkteHU3SVZNTXNzbEk0TFZsLXFHb3JFWDhKUjhkTTJSdTlUYU9rSXBRX3lwS2Z0RGFxU21XOXFlLWNicGl6RUg2a2JRR1RjMWFDTmZ4Q0JwejJiZS1sOFY2WW1MQ2tXN1Z1bER3Q1pMNnAwQlJ2djBZQlZSTjJQeFU4TmxSSW1pZUlLc2ROb3VkeDhMNGs5Mm1nWUFSZGxGclhuZlZmSVlKNnY2ZWgwUHlHN0NVQUtqLXNPMEJlZHY3R25TZFlJa0R1YmNld2RQTzFFVDREWlNEV052Y0d5R1dfZWV0S2jSAZoCQVVfeXFMTkpxbDNUZ2VrNnNTZmdEdzF2UzlQSzFCdFQzT1gzajgzVDY5alNSLUtHNUc4ZFNVdjlJXzl1eXBEMVZBazA3TEc2Zll2N0o3bVpVa2ZwS1lQQXlvWWFuTHZsaUIxOVU0RUR0ZHVRbHlRV0JzMWdOc2U5NjZmbERXQTI3elJEWHlJbjBLbFdvWmp0WUk2em9hT2pCbGV4T2FDUEE2NHYzWGFZRGtUMjUtanNJaldmOE4xd1hYR0FBUGFrSmVDS0NsU1NZNWRfWTdhN2JHSHpIZWNPc1h0Wk96aWZJZHQxUC1pUjdjNE5GQ3FsSnUwQml1UDZLaDM1elF4d2J5WUUtTkdqbjdyb3JiZHhHaHBRdFVkcEJn?oc=5,RELIANCE.NS
2025-07-20,Reliance Industries stock: Is it right time to buy after Q1 results 2025? - Mint,https://news.google.com/rss/articles/CBMi2AFBVV95cUxNRjBIUDFhZ3hZTF9rb2xoMi04b2pKUzE0X1BobmtZWnJYSzFoMHFUWURLTEY3c3hENFQ1cUtsZUJSX2Zmc0JCZkVYaTE0VFlmTUd4VlRMdmtoZmtUWnRkLXNURWdCNUFScGJzTjY5SHhrS1FDYXZ5Z2pOQTFTbWdpWnhrYmw0NWZ2NmVOd1d3dzRXNjZPenVpRXNEcnYzNmNITGpMWGZCVkhGb2ZYZDZ0VnJYV2RlcnJEbXh1dTZpUFJaQVE3aWE4WGM4NkNXcjR5cmV1bkQzXy3SAd4BQVVfeXFMTk56WDM1LWtLa0NCcFVkaVFqRHl2eE04MVYyaExSbDR5ZVFYZDRZZjlyUUpxaGV1UUNfZFlTSFdFanZ2Y19kQXlpbVY3Q1dwbmN4akVRUHprRUJya1pDa3otb0hIS0h1NXU2RnRwQkdwWFRWaUZVM2FqRUpDTU9qbi0zT0NCTVpPemYtWGV2NE5iSXNOczVIeWhFUDhsMEY4cDN4dmc2RjdVYlV2RWdKLXI5bjVsWnBLVWtkS3FqQUxUMXpoSDRZWXpkZXc1bmstTHI2akN2ZThUOVQ2V193?oc=5,RELIANCE.NS
2025-07-20,How to trade RIL shares after Q1 earnings - The Economic Times,https://news.google.com/rss/articles/CBMitgFBVV95cUxPTG9udi1pVzJrdXhwSzZMRUtzZ1o0ZkozSVpmeXd4RnkxX04yU3dERzdiWHpfTnYya0U5MmRLcm1ONE01YzBIX2ZaUWlUSVVnVVdic3dNNmdxTERrZlpFZlN5WktYQ1VmQU1aRi0wYUJNVDdNVTJvMjh2ZElUQ2hhSU5BUEgtZjI4cWZIc3dxamdVVGEwX3kwMlRSbUliMUY1XzhBTmtiWEl1SlBQdDNBaW1fMlBuZ9IBuwFBVV95cUxPZlN3WFFGaWcxYmdJMVNOcnNua3RCcVY2eEQ0ZUZtWEdFZkM4a000MFlRcEVJcVVwOHRWSGl6NkNSSk5SbWdyTmNRUW0zVTF2T0VJdXctTlRuRXBvVjZlaVBBNkU5TmxfX3JFRi1BekVZb0cwdFR1eFdlb281UmpwaV96YTR6MWowTTJFZ0VJX1g3RGI0dlFVQlRJajRJSVQyNm9NVWVfbDhFVkhCNW9rXzJ0SXlXQU4xTXdZ?oc=5,RELIANCE.NS
2025-07-21,Reliance shares slip 3% as Q1 misses estimates; more selling ahead? - Business Standard,https://news.google.com/rss/articles/CBMi1wFBVV95cUxNRTNiY1YzXzJGdkd0V2FIaF9WTkpzT204VlkzRl9yQmc4LXpvSXVzX3FwdFJTVWZCaEJTaC1MQzhBa1lVeUpzdHh3ZTVmbjc5S0tvMHdzUGg5TTB4SGdwcGFKY09EMmZ5dWdseFlNUGZDczFzdkFlcEpwekRYUFh5ZUVrYVoydkZwRWN5eWU2SjY4R0drMERoTzJqQlhPNU5lS1NzSVN6TzNTUWZDY0pvSlV3MlduczdQM3ZUVjg0UENaVUtYc081TUZxNVNzTEhRS21sSWJZVdIB3AFBVV95cUxQb0M0NjRkdFJqVUJNdV85T2U1empOSmQxWVA4TFhQMWVPenJYaGpaTlNNN1BESm45T2FiSWdkdks3T3R5RG5GamhmRTU3ZER4bXFZSkh0RXRGLXFZa1lhbU5HV0docjh5bmJ6SUlySTlDbU9VNEZyR0xfdEg3eVhpR0ZCa081MlUxaEVxZ0h5aUZBS251NjdaRUZELVpzTndrRWpSb3dXczlUaUJUYkZoYjdKdEQxdWg1MFpuUHJTQlRPZVY3dkRXYU45Zk9jUTZzVVhVYWhNVlJySXZ1?oc=5,RELIANCE.NS
2025-07-21,"Reliance Industries sheds over ₹70,000 crore in market cap post Q1 results - Business Standard",https://news.google.com/rss/articles/CBMi1wFBVV95cUxPTmp1V1duQ1J4d2p3RzRuMTJCNkFLdjZHTlpWNkZWZWlPc215elgtSjdoOThZejA3UEYtOXVZdXY2NUZIWXpvekEwMHlmZFNOV1BkT0o5UG00bnVoZmZvZzNMclFQaGM5YU5hcGstU0lEYmRaSnFQOTY5Z1dhbXJtTmpDZDRUSi1kclRzVTU1Z2dPMkNXc0tEUV9oczVjdG5sVGQ4UzVCcTJObTF6UC1FQkl3b1lDbkpyV3dqMHFKNGJoOU83aDBwM0Vna3RpbE5DbWhOdHU0b9IB3AFBVV95cUxNMFY2RVA1UGc3QnR5NUhFdHc3N3ZPTEdmMmxXOG5nMDJoMmhJTE9ySkFYWWVib3ZKdk4wUXUwWi1zT1g5dVQtZHZLdmhpOFo0ZmdZNzN3OXBEQXBpQ3JBcGlQS2RFaWZFTzVKcUZWYzQ0U0lTRm9MaHlHdjdKMUxkV1NObDZrZlV5RGtlWU1MdFJuNW5lLWpjTHRPQXRLRzZjTjM1a1lpaDBFb2N2OWpMc19yQ3U2Vl9iN1dtR09IN1c1QWZnUVlDWHMxZ3hZdzJGZ1Q5cWEtZjBtSHpI?oc=5,RELIANCE.NS
2025-07-21,"Reliance Industries shares slip on reporting highest-ever profit; should you buy, sell, or hold? - Moneycontrol",https://news.google.com/rss/articles/CBMi9AFBVV95cUxQeVczS1JtX0p5QTFUNmtmdGxXYWJVa2dNeklvNzhCUUxKMkRxVmRBMzBaRmZWeUxMSkFzWi11YnhFYmI1R0NDVFJPYXAyYUFvQXlxY2NGMkJxX2FuWEMtVVBRcUJpbEY0S1pTSGtLZTFFdS1laWUwUTV3UTluNm1DM3h3ZUdtc0Faa0Z5NzZQZUV4OXVEZWZwSElwTXdMNEdSeVFiUHR1eW5yeGl5azNFTXkwMy1tdy1XYVZtdnNhSzk2V01iM2wtcHlwN3lMZzZOMGU0aGN0ZnFRNi1uNnYzTFdhQXdvbFVkMlk4ajBHbFVXb3lP0gH6AUFVX3lxTE9DdVZZQnlodzlxRkNGMWFuakNsNkdraEFPT2Q0VzdNVHVVaXZBa0RaV3JsVm50QnJpaEZaaUlTVnRzdTdYU3hkUXY2S3FaRlB2bHlIUEs1MDRjemlGQzZVb2ZxeExEVnFHY09YMmpoQzZKQVRHVTFWU1pDSEZnbmNYd3NjcWRWRklLbDRuWmxDckxsdHhfZkY3MXktRUI0YXJreWhGVlBVdGM5SU1HU1cyemw5ZkxyUEM1aF9TNEl4VUoxMTNWN0NtbWZLd1RXemNoOU1BNXVsaUJuemR4dGkwSTIzWEFua0lDNmhEbEN4SzhIMWxVdmVXblE?oc=5,RELIANCE.NS
2025-07-21,Explained: Why Reliance Industries shares fell 3% after reporting highest-ever profit - The Economic Times,https://news.google.com/rss/articles/CBMi7gFBVV95cUxPbElYTnA1YThEOXpSanZqZWM3eXVKTjFjeUI4aGdzRWliTXlsZDNPVHppY1E1NlkzSWRZaDJMck90TnJEN1I3VG1KQXhyaEh5ZmwxY3lvcC0zempWX0Q4ZXZKS3hHemZyS1B6dF85MFVhTUU1dnlOdzhCdnJ5RlVhOVBrMGZTZ1RubThOSDNaTGM3ZmJRX0VERjFiYjBfTG5ka0l5RzBBZFRFYVM4MzR0M2I4MjAxMnFWT1N4cmw0V1ZlOEJabTB2eUVkbU5fNzB3X1ZlRkFvMHRtZEhJMEJMUUNkbE9raDZlRkdrRDRR0gHzAUFVX3lxTE5ZaEtzc1BIak90VkRaWGItd1phWEM4OTZoSUp3aGx3b19GWHFtVDIxX050UVczT0w4QUxISElxSF9TNmNzQ0dEakdubnlxRDBvazhiU3RzVUlIaGgyYTU5eUt6MXZxaFFKM2RsQU1Xdld4YUZ0QzFJbGN2T19CSXF5dDNySFh2LXVFeFpPNXRmOWMtZXFYWC1OanZNem94NURRRFpEbFVzbV9RenVROG9yV2dGUmhoSTM5NDR5T2dGeDBFTV9lbWhYQnNnbjBnUVRjOU9VMkpxc1Bmel8xejJuNEw5MHZuMFJmUGpnamQ4alFmMA?oc=5,RELIANCE.NS
2025-07-21,"Reliance Industries share price target at Rs 1,300 or Rs 1,767? What brokerages predict - The Economic Times",https://news.google.com/rss/articles/CBMi7wFBVV95cUxQc0hibnh6QUlZckVDZEJDYm9FWFZ4eWZyTUhDMjc5bXpaTER1RVVtRk96aVpKQXVZZEkxSnVmc042djBGRlc1cVg4X0xDMHoxenlYQjBKaklHVEpwZ1ZqS0IyR2JOb3YtQ0lpbDdKZUtLVG1hdi04WG1SM2J0dkhrekdIWlBQWW9nZlRyaUpsY0FhRmx0MkxBODNOcDgxdHd5Y2JRRDhGS2xVV2ZmQTlsQm1WLU8tYklTWmpzTllObFM4dWw4UXNfZVBfXzlNbjFicVNQVWFvaEI3NnNMaF9HZmFJR200dDJaWUM0QmtHNNIB9AFBVV95cUxQZjc4Y3QxSS1rWDQyN0M5NUhOc0tpYUVJTnJ4ODJ6b2lveGZJYUhxanhCNEtycUUzcFNRckJZaXREaTVyTTQzTk81c3prMkFyYjJhRVdoX3VlRmZBRWEzTWVxMXpna3h3NGpnWjhVTnJuWjRpUk9DN2hTdTZkci1tYkVvY0dXeTk5al8xelM0eTBuQ3htWm5qQndXeHJ6VXZjbXdEUGJZUzZ5VjdRWFdKYTN3VWhKbHBsTmxsSHg4aEdNNlNybjdhYUpPWE1GdjV5eDZUazRCNG9uR3ZVQjJRTnZMdHlWWklyY3pSd1llZnhGRVlt?oc=5,RELIANCE.NS
2025-07-21,Reliance Industries Share Price Dips Despite Record Q1FY26 Profit | Segment-Wise Performance Breakdown - Samco,https://news.google.com/rss/articles/CBMitwFBVV95cUxQaTdrenJPX3dDRnF5dGxoMlNvNFFmeTlHNHN2cVhubHZyRmVyLW9pUThOYk13NVJmNFMxcHp3N1lKQ091anhUSnlidkY1T291RUU5Q1MxendIbG1MaERNU2d5YWFENExGemZyeW03U1JZU0ZsWm9UQ0ZubTZIVFFFNzBTZ0JCZkZSeW1IZmlDM19TRU9PV0ItXzQ2WmRLbTN5NXNsbE9GVWRjV2dOUzNuWTJldFRqUVU?oc=5,RELIANCE.NS
2025-07-21,"Reliance Industries shares tumble 2% after Q1 results. Should you buy, sell or hold? - The Economic Times",https://news.google.com/rss/articles/CBMi_gFBVV95cUxPVWFuUG9QdnExWDVDdWE4Ukh2VF9VTFFKNnRoSU9MaUIyRFc5ekpELW5vZ3J1ajlCUmlyNGZEenBwOVB0MVpCeUIwenZaZTNpajVCOVFSWXowLXk0WExTX2d5ajN3M3BUendaNks5YnVrODI5ektYWDRNQThDb21QRTBSYXYwa3ZvSmNSa2NhSE05ZFhUMWtsanpIOXlYUVJlMUIxN0NUUEg0VzRiekRzMm9fZU5kN3ZRWjhzaTJNNVVGOHZmTjlFbHhfal9fOWJxX05Zd04xRFBmanpBUmVNdklJSGtqdHVCaTYzMTRRbEtYelE1bENVdkFQS0h3UdIBgwJBVV95cUxObDV3UGZ4UHVLRWl6YXhZU1lXSktuQnh4bXpwXzZsMkZxbml4TGJGNGpvRTRsNV9qSEZ4blN0enduY1dtTzV3b010ZXNDNE9IRW1SUWo3QTB5TDQ0TnhKSTh5dEdCdTU3eFh2c2lvci1DcGZHMVF6UFlKbzByMy1IZGZPbTgtVkJPc1ZmMkE5aHhwX2REZmlUR1FfSjNiclJDWnpWX0hrc3RCNGlZbVBZd1FzX0V4dmd5SnNISHZTRXRzaTNvWGJ3Y3Y0U2JJQjJnNTdURlBJLWZpelVyOWVzU2M0bTRBOHJvOGk5YmJNQU5sc21kVXdQcHd5UDZiWXpVbTVj?oc=5,RELIANCE.NS
2025-07-21,Reliance Industries shares tumble: Why the conglomerate stock dropped 3% despite reporting record profit - Times of India,https://news.google.com/rss/articles/CBMipAJBVV95cUxNc2JBREZmdGhtWEtkNjY3N2FfQ1RGOEs0eW1QYWxWQUwyS2d2X3NEdjRGbVpGemhTV2VDM2NBcTlESzhBMzRUNHlCWWR5YW9vM1JPZlp3MkVuaGprMzNVb1BZU3hZbXI5NlJhaEhuRGV0ZU1zU3RkOHBBSk5hYTc1dDdseVRkb1Jmay1OTDR1MjhXNUdmSUNXU2VwYUZUNHZGTC0yNUwtRXpraE5DbUxyamhMSlJORElBcllHYmlwRU1aYmV1SXhKdWItLUVnUDNrYlhTSktGT1dHZE9JalFqc1A4TDZqWGd3OUlEQXpjOE85THZ4QkhBMlZGSnNDOWVpNkZxVS1sbi1hZVBBTVpwc2Q2aEFZVUM5ZzBpZXh0bTl4Q1dU0gGqAkFVX3lxTE1rcjdxNE54REVrczhoRjdKRkxKRmJUYUM5b3pXY1VrdG9aaEM3WmhOTTYzV2JDempoWnFyS2hyN1ZmU3A4YngyWlAtOXlJWDNJZXVZXzkxdjIyYUlKbG1tTUxySWNVakVFcWJmS19BT1dqQVdIbjR4QVdKZ3NvSm9odWpWVGVDaEJ4Zjk0UVRVQ1hnM0NhbThlX1hGZExlQnVVWDJSRG95aDlFSFFpYWJ5MXpvTzJ1cFoyUzYxaTV3Wmlhb3dYOUVISDJ3OHdXcmFubGlnR3lIb2FRWkoxTG56TVNDUWxrQWM0VEdaenEyLWhUUUZxS2RaR3FPTUJxSl9VTHVZU00tWE9QblpTQ0U1c1BjajZ5UVRWTkFNWVlsaUpfTEJvWm1yenc?oc=5,RELIANCE.NS
2025-07-21,RIL shares fall over 2% post Q1 results; analysts say it missed estimates despite impressive numbers - Upstox,https://news.google.com/rss/articles/CBMi7AFBVV95cUxQWm4tbUticVZsclpKR0w5NXVtbzl3NG5KeG5YbEU3VzJzYmxoQzlFR1F1bS1MX3ZmenZyeHNtNzFITW12SkdaR19aa1JjTEd5eTJKVjI4TkZ1ZnhwN3VxZFJzdXN6c2RHMVB0RHk3WnhaajhLT0dlejM3d2tzcHN3ZmpINXVIVWxPcjV0Wm1Vd3ExSW5QSDJkMWxYSU05Z1k0RzVWc1FGRTN3UGpnQ1p4VlhDQk54OTVUQnR3YWxXNTFhTEtBWmliM1pfVnU3cGpHQ3MtLUpJbjhZTkFuZE8zQlR1RExWNnZCRzdCVQ?oc=5,RELIANCE.NS
2025-07-21,Reliance share price falls over 3% despite posting 76% rise in net profit in Q1FY25. Opportunity to buy? - Mint,https://news.google.com/rss/articles/CBMi-AFBVV95cUxPVVE1SlQ0SENNbnVQUXVrVlozcHhEcTJPVHRya3NhOF9VTkEySnhlcld3TFQ1QTE5OEctSVFCTG1kXzE3NEF3Wmo4ZWlnTl8tQWRxZG4wdG92V0U1WW9MV29PZTZVancwQWFuSDlmMWpmYjlSWlFFYlE5M2JGXzFKS1ZTUjgycEVHUmxqZGNtWGFCWjExNU8zNms5emJjQkh3LUowal9LcV9PSWRYeVZYbjVTYmI0WWhCbS05VUZHTWY1d0JILV93U1dEM3ViMDduT1dKSTRQTnItZ0ZxbGdhYjRaMU5nSkgwMktQOHoyODMyWHlBX05nM9IB_gFBVV95cUxQVDBEMUpnUzk3US0yS2F5eVNVRV8xUGh2eTBBNXNiNUI5QnVIMmw2MG93S0VrZmdFa0RPb19hU2ZZdnA4OGM5ZUVYRmdpNkhhaFVfVl8xT0RGQUNSVVVpR0ptSnp5YzJ3STFlbUVNaFFLRDdZbHJGMVF1RnBxMVVNOGkzbXEyZVRHNjM4bHJ5NmFtbTg1Tm5IMDkwRExBWW1YY3JfNEFrUXdmdFk0Nl91VFBCSlAwRjI2UFVOU3FLMUhoT3A1RDFFS1M2Tm9EVkc4bmg1dnBOUElEd05UaFd5VVpCUDZqVjdxY2hucGZxSXZoaUdwQXZxLXlQcl9hUQ?oc=5,RELIANCE.NS
2025-07-22,Will Reliance shares deliver bumper returns for 48 lakh shareholders? 3 game-changing triggers ahead - The Economic Times,https://news.google.com/rss/articles/CBMigwJBVV95cUxPT1hqc2xxSHZaa2xwMjFUMFhkc0FOVW8xR082dEtYbC1hWk9hNWdBSzl2UkNTU0t1MjdMcW4xSFoxX08zaDJGQ09WcEdGNEVhRFNfZWVBUXEyR2xCbmhodDFuNEg2d2FzUEpTRUtodnJfNThwZUVpNG9aLTFjS0pSQmFGVEV3TDYwRGw0M3QxRHJHdHk4ekY2RU9NOG5ybnNhZXU3TEpMcHB1eDVLeWtJa2dEclFtdEU2dzQ5YkhNQVBRbWRYSEE1Yk5hQ25SRFB2NTJMQU8xRmdRVUtsOFFCQTdyc000dDF0dmJGU2ZsTmJieHIyTk8tcVlOdlJwSGpDZDNZ0gGIAkFVX3lxTE8xWlFDSkRXZlloUDlJVENfSk9hRDdfYnJmVFpXSE1hNl90UHFtMnFack1XUUJra1ZkX3RsNl94SmM3NVhId05IYlBuZ0xaeGJKQTV5WmptcHoyUDM0U19hcmdmdmxwc2V5REs0UjNGQTlTbWNJLXlrZUJTT2NPdnh4b2h3MnRheExPaTRKbzRjZ2huRDducmt0UmhLWjYwVnhqcG9jM0JQa3FwSjFNMHgzalBfRHMtaGFmRHJWRDNBeXhYZmNSVlFpa2JqVDc4S1RVYzNFeTBaQjY0b3hadzVUdXlkUzhRN01FdV9fblB6dmNfaGxZNTJrcDluNHhOcU5RMkFZR3BPcw?oc=5,RELIANCE.NS
2025-07-28,"RIL shares down over 7% in 1 year, Macquarie gives Rs 1,580 target price - The Economic Times",https://news.google.com/rss/articles/CBMi2wFBVV95cUxPZENzallwYjkyOGlYaEhDR0M1SkRQb2l3THdJSFlDU3hXNWkzcHlVZmlaUk92bUNoSmVnZ3pINkRFVS1yZXVlSXBCMTFQRlhaVDdhYkc4cWZGXzZROEo3OTlERHRpSDJrdXJ2NGd2QWprMkhiVjJ6RUhuOWk2S2NEQ1JFN1h0djVNRHFtTFNmU1NZM3EtbUxrck4zZERDb0NSeVpHZE8wTFhlaTZ3eFRYVDhnT1ROMndCRThxWHYyQ2lOb1Y2STN1d0NGN01LS0lTSU5IMXNEVWJ6eVnSAeABQVVfeXFMT1VudVpfLTFGZG1Pc1ktdWhqUUtlWmZKdk5tMDkzQ3hHOXgySUx6b1hCTndULUVSUkxaRGQ0UG9ZRkZkQnZPS0F2eDVxemU3MUZyVnQ3a09Bakk4NmRoanFrR3kxb08zNWhXREhtUjl0dzlIcXVfUEE2Nl9wSUhHcFcyNW5Zc1ZHUXVMRW1mdEVadlp4dE5xcXBRZlV4UTBVMkRxLVlCcGhKeWJKaTIteXpablE2Q0RrWm9NZWs5OEFfbXE2YTB5SDBqUnE5cmM2UU1hMnhqYl93d3NmUVBoMVo?oc=5,RELIANCE.NS
2025-08-10,"Market capitalisation of top 10 valued companies plummets by ₹1.36 lakh crore, Reliance worst hit - Mint",https://news.google.com/rss/articles/CBMimgJBVV95cUxNemdMN24wQjdNRzk5eTc3OGJURmFvMnJjRDR1LTBQb3ktbW5qYXF2emNxZjc4SzQ1MDFFWDktNWJsaVhKNWUyVlBvR2xmREZsOUc3dDBWclNPaGNEQTVMRHBwWmdjcG50OElkME9jM1JMck1QbHlJRjlDVHdITXg1M0plTHNQSmY0bVE1NXZrLWExTmF3VXBWTlVHejJtMGNfdWhPbEEwb1FtNlNfMDdNZkY4T1pra2VqMHZBQWItVWozOFVqR09HcF9HUVVmQWhJYy1iYzZXTUoxQmNiNk5RcjhEVVdROUx2S3pYNEIwUHNkR1VXMFRVdm9veC1OZDU5Mk85SVFqb0dDMmFYMDYxZGRnSGp0bGNXb0HSAZ8CQVVfeXFMTXZ3Sk1pUEZLLS14cW5LZG5aLWx0ejFQQ1gzM3J3WHJCN1FhZllZZVRuM2lMVVZzOGM0OHprUXBKMHRwWFlWUlpyeGR4MUNBY1RfYktzZ1laM21TdzdKZ2hLZU9lQWt2T1B2REthM2MxdGJ4R2wwM04yb3U4TEdmS0hwVjBETm9SXzlWeHFuQXpUbmRaMVpuTkpvTF9NV0dseThFaENITXV0VFEwdkZwS0ZkZjJ1ZzNLVnJSWlMzd2lubGE0ZzExY1VPaTg1WFoyaWxfQ2NNOURJVHdwQTh1ZVRxUVk2RTMwN200NEJkSTU2eHlMNXNELUx2bkZSSGJ0d1JfTFowRkFsajRGLU1KTzNQeGcwY1RBdUFULTRKQ28?oc=5,RELIANCE.NS
2025-08-14,RIL on slippery turf as shares slide 7% since Q1. Can AGM be the next trigger point? - The Economic Times,https://news.google.com/rss/articles/CBMi5gFBVV95cUxPNjhQcm5ZcWZUV2ZyTzBOeC0ySTVXNjB4SjNzNEVTSVdXUnhGY2ppbEtEWGN4WTRIRUxZQlQyckdhSXVtWlQ2VGZnMHVpbW9HS2RBNEFGUS1hLVJuNDV6aXJ3S3hCNGtONzg5NGd6U1plV2ljbjBWckNURmFmUnB0YTBVZDdDdnJqVkk3dk96U0MzSlRzOHdOdF9wYl9CT2dkNm5OX3phT1dmRzU4Sy0zaVNzU3pJSU02VXY0blk4aTFTMDFOUHIyWWRRQkpyNGR1bkIweUI2cWJzZnZfUkItSDRNQWg2UdIB6wFBVV95cUxNY0ZaWTBtLVhhMFk0NXAtLTZQSEdZSWxDd1pnZkZZU1NLRzJZaFpNdW8zQW5HOEt2SnpEZEhla0ZJNmIyRmF5Z0NRd3hSY1lCdjc3aDJPc1NSZHlZalU2MmYtaUNkOTFpYnNzR0hBX1FmTTZwMGtDQ2NLcWtvRWVuRW0yRncyLXdDS1ZsYXY3b0hvUkNtdE1fZEJYM3NnUmNHQVBaNlN6MWpCYzIxWF8wOURlQWk0ZS1BVElFbkpkV09lblFjZkRnc2hoSWdNMjEzRDl2VjZzbEdZVEp6dUw5M0FURWlLNlBQbDFF?oc=5,RELIANCE.NS
2025-08-18,NSE-listed SME stock surges 14% on bagging orders from Reliance Industries and 3 others. Details here - Mint,https://news.google.com/rss/articles/CBMilgJBVV95cUxQbDYxNWlMSTV1NGZEMWJIQzNtcThETnpfWjlSXy1YYjBXRUZFMnpQOFFlUVZjOWJEMlNieS0ySDFVa0xzTVNDQ1ltTHA5S1NYQkplZ2JhR3IxQVE5QnJ4QzFTaGRuUWNSQ3dYVmlidmNpa0VDQ3R0VXFLNWYzOW5lVkdKeG9ScThRbVY3TkcydDRTME0wUlBGZkpocmRfZWR2Umk5YmtvT0NDSno2YjZsdHZlamZ2ZEVRSW9YaWg4ampGZFk1SUNOY3M4Tk1XRTBnWGo4cDJPdlhzRU5kbm8xSjVYV2dESkExOGRiajZmclI1WXRpQXQ2cll6X3dfM0hpOFFuY3AyVkd3YU44OXozbmtyeVpYZ9IBmwJBVV95cUxQbkU0RW5zZ2pYc2k1VVRMUl9XVk5JcUxCa09TRldKam5JemloWnJxTlBTOTNNNFU1X0tWeDNka0ZybkUtcFJzQmlpM040OGE4UHRjQUhvaC14cVl3MGN3ZzlQVFRfVFMyVDBBR05zWVducVFHUko4Z3hzUWd0ZnlLNUZ1OTRPOUZQelV3aW5lcEJ4clVIZjdIajRxWnM5MHp2MkpNcmFyXzg3S1JlbnhqTGtvZHhZeUl1Vm5mVmo2SWhrR2ZhNm9pWWhjWUFob2VhNjN3Sm5fZ1E1NzNIRWFEYzJPR1FIbVRYUUpKZlJsWjlDVkJYYkstQmpXa1FxR05zaEdscTFHSFVFdWRBcEF5bzltQkhfSGt1azl3?oc=5,RELIANCE.NS
2025-08-19,"Reliance share price rises nearly 3%, gains 16% YTD; should investors buy, sell, or hold? Experts weigh in - Mint",https://news.google.com/rss/articles/CBMi-wFBVV95cUxObWZZcjJuVXBlY3FZdjZBWGwyclpRTkh1a1NzVUJNTjg1UGNWTjhRX1kxMUdWMzVXd3BqMWJxMllnd3QxZG1DVHVJN0xSc0NzX2IwbmRKQ0lzQU9ndm1mM1BoaXpuRlB1MEJ6YmpyLU55T1RqVGhuUUg4RGlHZHNiMEdjNGhHLW9QWXBoeGo0MTViNENUdm9acUJPRXZrdUVmSk1ES2JRN1hVaGtGN3k2VVFlMk9XazRfd083d0JVTUFkSWpvVFdsc0dBTG5SX1kzVDJsOU1ldmYyeG1VLW1NRlZ2bVp5ZXF2alNrVklSUkpmWmFKMGNSZGFMa9IBgAJBVV95cUxNVnVCX1dULWdXTVVmUEEwQmRqTU5UVGp1b1BOLUJUckdTRTFfSGt0c2VaNldueDEwbFhTdXRBX2lSY2tNaklleEFTdEdxblcwWUxGdXRreklrTnZIMk5nandLLXlrZmpENThXM0V5b2ZQajhKSDd3V2V1UTBlTnpaSld5Y0FmdlU3dEVYeHBpZU5Zd2NEbGtpSmlsTXJhaDlFYkZuM2lwckV0N2ZKSmd0elByaFVKQUVJNXpzV2JnaGZMcHZzYnl4LXNmUE04QmxYVkF3S0gtR29pTnBMOWU4cy1lWllVM016czVmRlpOZ0hpcmVUdEJXTVNqVDFjV0hR?oc=5,RELIANCE.NS
2025-08-19,"RIL shares rise 3%, top gainer on Sensex; what's fuelling the move? - Business Standard",https://news.google.com/rss/articles/CBMi9AFBVV95cUxQemdjaC1KVS1fX21UUzNzcUlXZHZ3eVFCOGFLYXBqbmNKYW9pUmhNZ2htWEV1NWZ6a1JoV244WkdWUXkxWG42TzFjVC1HbFFTc0V3NlA5Ukl6bGJqeGpGQUtjN0Y4M3A3dlotejFndUlMUWpIMTA4SEdMYW5vYmV6OHhRMUNGSzBadFZKWTg1MXpUUzNxc3ZBMkppaDNHRnhnQjlhOWloMWxtcjdfN25jQndkUVJaT0NaN2todHkxeHlpVDJlMlVqblp5TjNEN2FBaExMcDVjcGptTGFfVW5LV0psLUlEZ0tBcGw5ZDJtY1lkdXJB0gH6AUFVX3lxTE12MmtaRTBydkpfZmxSOHJQNnJBcVlVTTRxRVlteVRyWDlrNG9BS0ZjQXpuM0VVU3lHa1ZTZlluRUM1VTRhNklVQzhFRkhzdG8zNVFRNnRXX3IyY2lfQVRNakNLVnlpZU1NNzVudlNtenpfQWloZlNyZnI5VXBPZm5HNGZXZGtOZE5qeWZ0UThwTVlwdWM1MDl1WjNRbEhndVpoeF9VbTA3Tlo5dVhFQWt5aFF5RDNXbm1rZnlaWXVja0ZLbE5UUUtwaXZzSzNqRWE1cGVIUHgxSU5JVnVRQXhxR1BSX1VQQXI4UTJORUdxcmVwZE81YktKRFE?oc=5,RELIANCE.NS
2025-08-19,Reliance Industries shares rally 3%: Three reasons why stock surged today - Upstox,https://news.google.com/rss/articles/CBMi7wFBVV95cUxOUE5WLUdMQnp1TFdVbWxNemVmM1B3ZXBkelNWdVU4ZzdINnlScWZUX0Nfbk9KZ3V6bmpVUk5fZURiNFBjbE9tbGxKbU02WEhEM1R1X3ZHQjQ0MVFTck9JSlozZ1hUNEE2YjYycTZCZ3NkcTNlMGJwTkZfWHlEOWNvU3FCYkpGQ09MaGxOVHF2Mi1rOWRGUDdFcWV4bTlTeGtrMnY4ODl6Z2hPNVFhWWRjcGY1TjBlNkNGTGF4MUl6ak9JUmVHYUo5alk5OEN6OUltSFhSdm0zazRaSVJWaTBrbHlCelhaWVFlTHZidmhjYw?oc=5,RELIANCE.NS
2025-08-19,Reliance Industries shares rise over 2% after Jio scraps 1 GB/day plan - The Economic Times,https://news.google.com/rss/articles/CBMi-AFBVV95cUxNb2VjQ1plUklEczl6cU5RYjV1WHNPV2pwSGdxTTV6YVZRaGZ6VkgtWTE0TzZ0OE1fRkMzVW9ueHVkWDAxT1RfS3V4WDU5RmZaMUxobXlLUXd2TWhKN0labVBBV1dwNm12ejBPcmswaFVSWU5OS0ZEbFRxa2pEaGQwazVYbHdrZzRfdlMzOUJSNmNZT05iN3dtWDlGSkU4QzFBaFJfd2sxS0x2TE9fdHdVRWRqX2NoRzhOaEs1NEpZLWFEenJRNjZRQ3JhdC16WGFUNEVWd0VkWW01eTFaNV95cnRHdkNwRHZkZ2FkYVlWN1VSRWJnR04wLdIB_gFBVV95cUxQcUk4T3ZaU2R3STBBUlB2S05UUFcwOHBxLVRKMWt6RWppeUtiQ2pzRzE3WF9ROEhiN3BuOVY5LUpsaWpYVTh1aV91R1p5bVF2eXJuNmhSS2FCRTdQUWhUZXBFckFGQ2lROXN2Zk9UaURtdVRsSFZQTUpRaF95QnZiOTBMSm9adWRhdXRzSkMzblVBTF81V0xRVmlaMzQzV3FTczRGY1o1cXRHdDExUGdINFRaUnAxUVE2b2RmdmFOSHdITWFRckxMdjJ4Mm8yWC11MGdzUzhvb0ZIQ2oyNEJaWDYwN1lrX2wyTWppdFVPNWhsRHA2MVJldFU1SVF0QQ?oc=5,RELIANCE.NS
2025-08-19,"Sensex Today Trades 103 Points Higher | Nifty Above 24,850 | Reliance Industries & Adani Port Top Gainer - Equitymaster",https://news.google.com/rss/articles/CBMi8wFBVV95cUxNYUNQd2dyQllibFFlSzRqYTQ5c2RnZG1YVmV5eXJmSUNVdWczOWQ0Z1pnNkRYUG5MdW5SSGJxRk54YzhhUmpOdVBTaHFGY0ZTc1lwaUNRaS1qOVhJNlA3bm1US0VfeS1Ia25wTV84NUhQakF6cFo3RFdpTC1LclB3NU9oNXp2Sy1MOTNhMWJKdFJoaUF1X01GMVVMQ3VOWHcyUkNBcTZMaWtLYU82VU95MGJIVGo3dGUtel9PNldER0ZtODNNYThiLUNFNDZOTWZJMm4zakJtdXQ2bEpUX0hFbTdBdnNXWWJxMUIxUThiRmNvZEE?oc=5,RELIANCE.NS
2025-08-19,"Stocks to watch: Reliance Industries, Vedanta, LIC, GMR Airports among shares in focus today - Mint",https://news.google.com/rss/articles/CBMi7wFBVV95cUxQOEh5bURwaWtxMmtvOGwzS0VCejVvLTQyMXRrRVBfT245WUhuTWRJRWtKLTVYX2FpVmRITzNSMlVLVlFSTjlrMnZnWkFMcV9vYWlMd0dKSEJWSmx4b3pLSVg4SERWUmlyNzBSZjFyYnVvV3dhdjdYME5QRldDcGtURmNxU0kyTXhmdGZzNFJtRmRYN1RmQ2JGMHRiVTZTRDdBMG1iZHlxdW9rSVJWRkRxZUJtNmZCT1lyR1Z3TnZqNHVaNlBZSUJxUnBrQW9WYkxkWDdYMWtRdG94VGFUTm5jSXpvLWNmTFpGZ0ZOOWpZVdIB9AFBVV95cUxNc0VWUU56RmJGcEVRS0p6V0RHS3hfZlU2WlR2Zmx3RGhNWFhfU1gwVW9GUWZPVVltOHRMZTUxZHRNQzVsd3YzUUZ4N3U1QzF3cVhUcmNLemJtMzlTWFBNTGdlSkpmTmZtS0JPZVlmRGNTVWhieEpFc0NndnQtZG42N1BpLXRWRXFFZ29fQ09oT0ZyVVA4eXczZ0p3emotT3VHVE9zVEhrbFdaaDl4TXhWU3hqT1ZRN3lfc3o3bXVmWG0tVklXTjUzQkhJMWJHMmdpNjVOcXZUTnBzcEZ2SnhNa25UblQwSUV1NU8zaUEwSWxfV2Fj?oc=5,RELIANCE.NS
2025-08-19,"Reliance, auto stocks lead rise in India's stock benchmarks - Reuters",https://news.google.com/rss/articles/CBMipAFBVV95cUxNYkxFRE41QnNiQlpGMkhIX3BFQXZGc2M2Y09uY0Z6eG80UGxsRWlBdnVJZmFmOS15d293UVV6LXEwbHpfMTl2ZEhDMlVvOE5yY014OWtvVGJ4ZGNTX0IwR3k1U29OekZrUHVIamM5MTJlUV8xUmxvZUJaZ196OTE1SUFwOElFNFZKVWR0dERjcDRGMzlFX0tLTjh5SUdoT1ItN25yTg?oc=5,RELIANCE.NS
2025-08-20,"From Reliance Industries, HAL, Indian Oil to Suzlon Energy – Here are 8 stocks to watch - financialexpress.com",https://news.google.com/rss/articles/CBMizAFBVV95cUxNQVZwcFhXVFk5TklhMWxXY09JQkxpaHJSX19aRGpMMEVleEo3QjVtb0otM01nVXRONFFxLUJtdzhHT1l4WjVubS1mR3h1OHBYYXNJdjRVdjVoZVpZVUYzMnRpWXZhWWFUR2hsSzgtZnh5cHNtWGoxR1F1RDYxSkFNWkNYN1BqX1hFb1B4S2xoQVFWOVp5dGIxWGh4U295Zi1JckotMXZjNExWM2p6VzZQYzRobkI4ZDhqd1RHQ3Q4RXMtbmRhdTJIRk5qak7SAdMBQVVfeXFMT3VTazlaN1lzZE9DbElFNEU3cnpSZ2VjYXdFUDk5Q293X1R0UGNZZ1V5TTZYV2xkZGppLWRoanl5bUxpTTdmWW1tVlRELW1ES3pLV2pFQ1o0dWwzUXZaaGZuSUd0UlZPcUdXVW15NzI3ZTJ5YW9xSzFsbG05X3lPWnQ0UVowbGNqYTZFckYwd1RQMTk5bWMzbGJ5RmtSTV9VQ2ZoV1Zsb3A0ZGJtdDRhTXo1YzFzOXpHR29pUXBHYVdVUV9IZE9ZanU0azVDWkhkQmpuZw?oc=5,RELIANCE.NS
2025-08-21,"Reliance Rises 0.71% to ₹1,423; GST & Global Cues Lift Mood - HDFC Sky",https://news.google.com/rss/articles/CBMisAFBVV95cUxORURFMUY0M2JySWozQkJ0bHBUR3pPMS1EbzJGeHl5R2tyV1ZyZUVNWlJUWDEwVi1KRzZDbl9jU0lIeDMzNlA0eHlLcG1JUG9mWTlqQUpINVEwQ1QyRmVJamh6Vjg1MmRxczFJcXRkR1BsM2h5T3pCTVRrcDBrbS1LbFZLWktUVW9DXzJKamJwLTk4d3BwWXRlMV9HUElqT2RMeDFqb3lYV2FfRjRuMUU3cA?oc=5,RELIANCE.NS
2025-08-21,"RIL stock attractive, JP Morgan points to two main reasons - The Economic Times",https://news.google.com/rss/articles/CBMiywFBVV95cUxOMU9McG9fdTFSb3BZdlNhb2lTczBXRDZEbkFkd2hxTEE2Q1UtQV9kWXg3WkRoeVd2YXRrcUdMYy0xVlBoc19UR01WZ0RiQ2w3SjRxN0JxVy03NkVuTFZLNFFZUmJUOXA5RldhSGx3OVZ3QmdJVW92ck1acDlYaFBKdjctV3Bjc3ZDdGpZWXMtVHJ6Y3d1Z2NCMXh4cnUwdVBCMWZYTGNEa1ZtT1g3dUlYaWFTcUgwT2tCVFRpRVZWcklFcWxOQ0phYlZpWdIB0AFBVV95cUxOUkV0MGZiUTRLTFBFOXp3WWlVLXI0bkE1a0pYY0VwNmdBWkhHY21yQ3hrS1R2QmNlVUtCbnNpUjhxaHBIbVVnR0FjeDhZUDFtdU9wOWs3VzlJUkZKaUYwVHQxS3p6ejIzVkJmNk0zcU5wb0E0RTdjVXYxQTlMbW03YnBfNFp5Sk5wWmNxZnVfaGhVSUl1SDdQbjQxRE8zb3kyd1JfbHFtaFZpNm9HYno1cGhPMDFnQzRVVDFYWHpjU2pGdFozSXFRalFIMzZlcDhu?oc=5,RELIANCE.NS
2025-08-21,"Reliance, IndiGo, Shree Cement: 5 infra stocks worth your portfolio - Business Standard",https://news.google.com/rss/articles/CBMiywFBVV95cUxNOUdRMFhOYjlmRHNCQVFmckR6dWFmMXIxdkFBT1N4dUV1U1VWbUU3TXlmOFJLeWVsMk9pNW9nYk9lTS1vUEVKcy1qREZkM1NnZEpZaC1scXBEenhyYlVMcEk0V3RBdHYwZy1BUThKWWZPYUYwX1dSdnVIcVpHSFRxUzNVQ3BsRkRaT1Rya054aG00R1FXaGd1WlNyeXpTVmhTY3hoNWlvMmhrVDFST3dyTzd6WXFJSmZ2ck9CVmdtNVh3NTU4U3VBNFBhUdIB0AFBVV95cUxQTGhWNGtMbTJJb3NkRjBiQkE1bVp5SlBoNW1fQ0FacW82c0ZENHJMWTFMTDRuWXpJV1A1bGZ5ZnFkSVN1RU1IXzhpeW4wZTRPLXNrOThNTjR5QUt3QWhFSFEyaEhwQmFoc3VycWI2SHhWRVBRLWxhZ1NCNTJPaFQ3OS0tamxLTjREbHBsUEJmTldFeTB2ck9tcjFoaElKd3Y2WFNSM3kxYXBGeDFGaE9xbXBCcG4ydTk5VUpEampEQTZaRGlpZzFrSlZNZnNzZmR1?oc=5,RELIANCE.NS
2025-08-21,Ahead of Market: 10 things that will decide stock market action on Friday - The Economic Times,https://news.google.com/rss/articles/CBMi3wFBVV95cUxQdkY4TXpaWE1TcVJMTzJxbC1FMjB4T2h6RmFCenBRcG9lZ3k1MjVhRXZ5SGs5b2pkMXhJN3ZQeE9WRXl5LV9IbVlrb3hHS3pTQXRUQnhpSmJsV0NqeXd6MVJIZnY3RFRjMkVqbkVPQ1JoTW53ZTluRWFHMHZYSVdSR290Z3h5SktTd01reDlJaERBWkpycmQwVV9nLVNYTWxMQUM5dkphZk54bUZTZkktSkN6OUM5cTJfaEVfNTE3WmJOTVp4TDd3ckQwR09IdEQwYjV5WDJIVVVHVHhyeEVZ0gHkAUFVX3lxTFBGeThQS3AycnNJWHkxd0Q3MnJNM3hUeUdJY2libkNrRnBmNWJieFdZcldPOUY5TGdrR0h3WDNwcmVQQkdRNS1tMnVWU2hQSGFDc2p6eTlXM3ZoV2hvS3d2RGdvRXU2Z1RUZ0RPTzl2SmhXNDRkV3hOQzhUUUhoNGNsSjE1TF8wUmlKb1p4TnZGcVdKYWdPbnRpdXhiQWdsT2NsdF8yemRTUTVsSFRRM09lT1BqV25QajR4MlEzWkIxZUkxU1JJdVBLZTUyQU1Mc1dsMXpydFlQZVVObEtSUm54Y1JLYQ?oc=5,RELIANCE.NS
2025-08-24,"Mcap of 8 top valued firms climbs ₹1.72 trn, Reliance biggest winner - Business Standard",https://news.google.com/rss/articles/CBMizgFBVV95cUxNczd3bXBieTUtRFc2NVlEN0tWT2dWN0YyV0VkR0UwZUxQZkFHcXY3MWdVSldacTEzMkg2aFRWS3IwWThhU2V1SHpveEZiVF8tbjNfV0tUWEFPYXdJXzFUWmZjMlpILVBVdnNRVUZVRHhBWl9mVE40U3VMenE1aTV5bTBJOFYxejVjaHJFU0w2cFp2WHFjdlZrREFsWHZyMm83aEFqVDZlQjJtXzdEVmpQQzV4Q0RNeW5Mak1WbmxzQmdPdEZ0QVVxek9wOXVmQdIB0wFBVV95cUxQbUJXTVVsdk5zZmlNRUJ5NVB3UGItNDQ0VXJHb3JqOTAxamRXdGRxT2RwSWNnVHRNT3BaMWoxUFMwUzJwX2lnT0ZVa1ZDQ3pzZWFWV3licEdvWE9OOFVGZ0VKMC1DeDN1MnNqZmFNbnhVZWkzR1V1T1ZMeXBwWHBtREhnRkhHaEJLMnVOVXVwUTdHSVpqb0NCclA3SldnWkJoeVJzbVBkcF9HVmd6RV9WVDV5Ym1TTjEtejlma09FNWhPaWpCQ3NrcWc3dF9fVWxWdTVv?oc=5,RELIANCE.NS
2025-08-25,Reliance Industries shares in focus after Rs 45 crore Nauyaan Shipyard buyout - The Economic Times,https://news.google.com/rss/articles/CBMi5gFBVV95cUxQZldFSUpfbEdlcDRrb2hETGZTV2N0SVJzVEcyTm9RSTFsVzVERkx2RmxLcllOdkl1UjBFN05MSWk2YnZrRnRWWHk3SWJla2JlQ3lmU2t4Z1NTY29uRExWTC05c1BYZEFNeFducFdLdlVlTHh3QTM2MzZmYVNPaVhhYVpnWEdoYjdvbWM4d01wM0RCZXJpcnlaQ2ZlbzhmTWJvNEp0LTlTZXd5Rjk0Q2VubTZ5dlNnNWhOalg4bFoxZWFvd2pDTkhUaFEwQ21oTzRHNVpQcEFyRHp4OXlVMl9LcmNiejZfQdIB6wFBVV95cUxPVHV1TUtCZ3NXSXJ5MVIxd2ROMTVWa3dtaUpGZUVPNTFVTUt0WDNobUI0ckNXZng5Rl9kNHgzRURlMF9rVjRuR21KZ3VzUEhvRTdmU2hyR1g5OXZvZVBBR01PdUtnZk44RHZtdUMxQk43SUo4WGxUa3J2SjViRVpBVTFpUjluVTlxelJFQ0N2LWs0SHJSa0xReW9PdjF5US1pSkgyWGF2RTlFbmR6cWVIWnZqeFY3aW0zNlQzcHVVd0xxaE9jN1ZCbG1odVY5VUtwYmZWVDdXWGprRmhVUXRRSFFHeGt6Q3QyOFg4?oc=5,RELIANCE.NS
2025-08-25,"From Yes Bank, Anil Ambani group stocks to Reliance Industries – Here are 10 stocks in focus today - financialexpress.com",https://news.google.com/rss/articles/CBMi3AFBVV95cUxNWVA3aUdaT1phc2I2T3ozeGRQeG1aelVYajVWWk5hMW1abVY1WnhCSHhyRHhOOWZvLTlKdkZqZ1Z5MTlBZ1RMQmpFV2tKWk10Mi01MFM0ZGxnRW9QcUZTLUlNcmZKTl9KZG1Sb1N0bTdScThPWGxOZzJBV0tLYWIxTllmbkxjUk1EM0E0cnFycDc4UWJlc1h6RGtMdUYtSjNKWDlkTmJlejNlamJtbHAwNWlkd0hkQ1A2XzlPWHhNbmJxTy1IOHNic1U4NWVleThoZWFHSFJ4SkhjRXB30gHjAUFVX3lxTE4zamlQZWE1b2NtV3pWb2xScWVYUmMwc2lsX29DUWtFU1ljYVl0TjZGT3BfbmVabXZnY3hLQVYtZ29UV2JVcWE4bG50bGpodjh0TXRsMGtUUlhMV2ZZZ285M3BYdUNseTVBUEt2OE12Y2tPclc0U3Q1Uk1OWmhmQjZxQ1lWV1NhQWZwaktMSmN2ZEI2Wnh1NE5OM1cyMjYyUFNRbTRiMnBNdHlRaDZlZTVkMFVWU3lnWXE0VER0eHl5OEp3d1d5d0YwamVaN3J1aFUxd3RnTVR0ajVFWjNWekhJSFRB?oc=5,RELIANCE.NS
2025-08-26,"UBS resumes coverage on Reliance Industries with 'Buy' rating, sets target price at Rs 1,750 - The Economic Times",https://news.google.com/rss/articles/CBMi9AFBVV95cUxPVGhIMm4yanhzMkRWVW44U1RsRTlyU2NpRzV3dnV6ZXlRVExQREtNYkVRVExWN2cyejZkNmpNeWhJSDN3YkV2X0dLcEE0WDREaExaSXFBeDZrVjlsTXlQN3VIQkRTektqcFlINDFEU3NHWWJrWUpvVTVsZ0x0SFJzbHNnUEEtWG1XQ0s2YkVBUmZvYkFGbXBTWGo2NjhDQk1wNGs5YnBzSDBsNmlwSTRJOVFNZERzNTZDT3NCVmlaMTB5U0dpYlhEcnFYdTRWYWlyVGZNRzN5NHBYbk9FWFZQLUUxWURObHlYdm15RU1yYWdGSEJ40gH6AUFVX3lxTE9Va1ZBOXRiczZGcUo0TjJ6c3JnMFlfNjNoX1hlbnAtTHpNVi1lT2dRQlF6VTVwUDd4dVhORkxwY19TTWFteENDVG1scEdpT1Q4NFdqX0ZxeXJVX3Y5QVIzdklBSnllSWI1SEhZWlhOVHFVS0pIOWtHZjd0LTE1bjJhR3hBUmRwN0VVbUV0Nm9yVzdCd3dPcTEwNVJkZFRaYnN5VEVEOVB3X0hvLV92SXZjQ01PaDVkTFFtc296Y3NYQ0lHQ2FIamVxLWo0bWxEcEFvdjdTZEtPZlRPRC1NWUVnSlR5aktqOFduc1NJQ1pYWHExZXhtX0lPMHc?oc=5,RELIANCE.NS
2025-08-27,"From Adani Ports, DLF to Reliance— Shrikant Chouhan of Kotak Securities sees up to 40% upside in these 10 stocks - Mint",https://news.google.com/rss/articles/CBMikgJBVV95cUxQQUgwRzYxM2dyZm55dlhpbWVKbjd4bDlQeVVxak1fV0VybFUyd2VsZzNoRU56LU53SUlkRmpYTURJUDdzdlk5X3hoRFZwQTJBLWFya0lVWHhfcTlzSnJONnA5ZUQ2VzFTWGZRMVBOSFl3NzNTWTNmanJmSG12eUdhZ1NyYWY2MHpqWGZEZC11RVRUcjczUVBUalhrdkxrN2ZDWURZOXl6QzNsSE5FeHhINjY0eE1ZZ3pqTVo4cy1uVlpmVDVrSHd3N0ZnMXQ3ckVRbTZwZ09lVWxyb3Z6blFydThUQWNtZUM1d194Vy1IZEJicDd4emsyd2YtNVphMzlJYlJ6SWdWTkh3V1pKcTBiRzRB0gGXAkFVX3lxTE5hc0ZRbXNIZ0wtSEU2VGZCZ2tiV2RQcEc5dnNETUtKMXdNY1RocXBJMXkxbXNHa3FDVHJOTXdTTTMxNjZuOGRsZ0hobVNLTVFPTUNFY3dnQ3E2YURxWnhfcDZRZG8wZHdJRWtvQnNhQ2ozUmVYbERTNFF4bEY2SHN1MTBUUDRnXzNFZXJIUnM2T0pKMjRTZzJwWW5EeUlfa3hrTUhhQUhKWXA1TDVQWVNTZkFPS29qcmJWMzdZZGJ5Y1pJd0t1a3ZGUGZfYkpwYWM2cGtXMkotSTBTRDZRTkQ0S2hjblNqZExwVEFvRmVaR3ZWNFhEU2dlQXYzbVd4aktGNHlZZEx4UnRfeVZCVXU2QW9qbThEZw?oc=5,RELIANCE.NS
2025-08-28,RIL AGM 2025 tomorrow: Can it trigger a re-rating in Reliance share price? - Mint,https://news.google.com/rss/articles/CBMi2wFBVV95cUxQREQyOHBkU21YMWtLYWlGelFvcjhMS3V0YkRacFB5bC00aFNJMXFsNC1ISzRaZVNtR3YwV0lmOHdWVUc4ZVFOZnlfQnNONlZLblJLZmVBS0E3cFdqTVhNZDVxLXcydFpvRDdrZzgwTW05bUE1N1BDZHVicVd3VWIyc2tvSXlwQzBmc1lrbF9sdlpHWE8wZnFUZWhiSzQ3TC1HLVZSWk9iNVhva3dUUnlVVWtBRFlfQ3BJVS0zQ3VqREdzQkprZDZrcmFCeXlTSVcyYVBIdlNyOUU2RmPSAeABQVVfeXFMTXktcjk4bWxINHYtNHJSOTJQN2wwRXI5VzlzOFhSUDBsNGhPaFJYTUxtVlBMSHdJSWxvZjlTcUh6TW5xTTFpWXNRT0J5U0RxLVlMY25HektCVDktOVNvQ0lUMndyZVBwZVBuQlNPNGVBdUkwNDI0REI2ZDE0ZnZBM0lpbTFEVzh1emplblFMNWI1NFRMNmZxSkcwRzFzQWNfU3FPZjk1bU5jYjNmemdTM0pPS2R6UG1tWWFOb3NwYTVuSVpmMmxnbTZZb1BWaXZhbHM3OFhaMmxZbWQ3bVV5Qzg?oc=5,RELIANCE.NS
2025-08-28,Reliance share price falls ahead of AGM. Should you buy? - Mint,https://news.google.com/rss/articles/CBMikgJBVV95cUxNNzd3UU5YNGxDcWdTaTNuNHN4UnZvQnFXa2ZBeFNyVVhSYXZ2UTlBWENZZG9QQ2oyRHV2bURVS3Ayb0ktaWxYcDRWeFNSSXM2a1VMLTU5LXZuaVAzOUdZSkhuU1dueVRaTGJjemdka0pzY3R4UFAwM0FaaWFPdmF0dnA0djdWTktLRV9iUHBoTFc1M0JNZWtOMDc4S3VvbFV4bmR4Y1BSaWpVblVtQmpuWHZBQ3dCY3lPWFBvQWp0MHd0TkZxWXZ6SFNqcWE0MUVQaXpSeDN4YU5WbzlBbG1SZVM4M1Rya1cyLWxiSHNBZWhVVUpYTFpDWG1fTFFnZF9zdDRUR1ExS2FHemYwZFFkSDRR0gGXAkFVX3lxTFBiOVRkS0ZpYkhJZWd4dGpHSVcyWllsVGduYnFvS2ZZUDJvdl90NjVqdnQyVy1QUkN6ZFZxVV9iRDVLd2RGcEgxZ2tNYmVyMXVLbk9kYWFpcUNybXp1ZFBOUTNzWHhNLXd1dF85WUFOeC1kcXRYOUZJc3FwNUR3VW9rUDZmZkJqYzlRVXlkRUE4R3o4SHd0RUFIYUg3RVNxbUpQLVcwNmhlVWVBTnoyMmREaG1oZ2xOYkFkM1l4cmlabkxWTk56MzhsWnI2S2U3TjNjZEdpRm1FTE1TbDFJWEhuYVhRZGY5X0FyQVIyNHBUampCckFLQTF5dk9EU0wzMWc4dmMzcm52ZHg3RUZzekxEbWk1dnE2SQ?oc=5,RELIANCE.NS
2025-08-29,Reliance Industries Shares Drop After AGM - Rediff MoneyWiz,https://news.google.com/rss/articles/CBMimAFBVV95cUxQV08zZlhncFllLUw3ZzgwNVNjWGRsNXVfbTVFbUVfSG1UVVRwYU4tMXJXUVRBUDdTQ244bXY1cjFGeFdvMWVlRFNXRVlRSmNyRHdoMk5wejRMT3dEZE1uVjJUdlVvaWlPLURKTWk2RlNZck5mZEZQOU12WThkSFY0NEhJNld6blVmaWJXdEN3OEJpekxnWjJVZNIBngFBVV95cUxNZDJNazc4aEVuRlk4MEFoQ0NhRzBDV3ZEeFM2UjFtMEE5NEgyX1RuQzBMM09VVVdvNHZ2TEJsYVlBMzFLOTVnRWZLelF0clVCR29IRDMtZ01EUFFNVkRwQWtTLWxoMWgxMUdUa2RIakxwdUVCXzhObkRJT2ZaSmpleHgxZm53MjZMYXhUVy1RNU9oREF5R1pFZ0puVnJFZw?oc=5,RELIANCE.NS
2025-08-29,Reliance Industries shares end over 2% lower on AGM day - The Economic Times,https://news.google.com/rss/articles/CBMi7wFBVV95cUxOVEMzSFBhX1QwdmNQeGpLTVJpWWJLS1FWVmZHRThjcUpDcU9nQkY2N1ZfNXZBYk1Cb25lY29JLW5TLVZXR2U3QmJvYUNLUURlWV9xOHpRdzNnam5rcXNRYl9PNnh1WFBVNGQwMWNzc1g0NVBpSHc0UFpLRVgtZGVyUWlZa2FGMzRlQXEwOGxfclJaMThXaUJLRVpybWo4eHdXa0VobVZsZm5vWU9zaGlyM0hEdjBFNzBmZW84X25DSkNIaC1DMGlUY2dPMTNmSEFkZHRNNWx1WjhYRDFJam11RGJyRjR0YVpRUHJ0RHhwUdIB9AFBVV95cUxQb0ZsVnhFeUFKODZBWDg0c3hudVhTYThfeTFRVUN1VjltWGFVYm5nS3RFNDZkblNlTGo1YXI4cU5qTUFXclB2WnpGb0Q1WWUyNmtzRHUyeGFzNEFaa2NvY1oyWWRhellIaUhYYmtVUGlxMG1XTDFvVWd0S0xKMnlNQnRmazdlYVhMS3ZEdnpUWEhDaDdWek5ycHZ3aHNnT3d6Rkt4dmZTemJGRjdvTjlHbHZGaXk1WEozZDEyV3BiNE9maV9hbWdoRjlZTDJSRTdLZzhuYjQzQzI1SW1aU2NnMDlCSDYwckdHbnVXeEs3VDVVcF9P?oc=5,RELIANCE.NS
2025-08-29,Reliance Industries' share price falls 2%; 48th AGM underway; check key announcements - Upstox,https://news.google.com/rss/articles/CBMi1gFBVV95cUxOMGo5WjEyNzdTM2s1T1lfbWN2aWpIRWc1ZWpSVnZyM2FUNmhqMjBJTXVtTm01T01PdURQcGdmTnE5VDJKMWJYQzJiMlhLaTFnb0ZLZEtYWUUwaU1VdXFKOGl1WjdzbE5TNlFFeVBqbkVrR3lzLUlyOTRzYzZneEVPR0o5MTdhbmh4T0U4T3ZIOWZWNG5GRGdiR2FZT1NpY3VaTG5pd1BGZS1NVjgtR2RIUHkzOHliWHZnR2lkZXlOeGp3bGhSOG9Pc2dsY05JUkxwWFhXZUtn?oc=5,RELIANCE.NS
2025-08-29,RIL ends 2.3% lower post AGM; what's making the Street nervous? Read here - Business Standard,https://news.google.com/rss/articles/CBMi0wFBVV95cUxPZUxueGozT2VOUnNCZmtHbEtRUUxOTm95MUwzZnFmWS02X3BmdUhtdGVtTkI0cnFlb0h5U2pjMGljOWdMdzFNcUtvcnBOR1R0VF9Pc05wX3QxdXNoaTE1VHZDNV9ReXVzRm1XVWxjWUFJbWNtd3NrVnluNkIyRWRzRkhkUGQtM01Rc3k3WUU3NWszOVdRVHhuZTFaVC1QWG1aalNHdTgtcTVwMGNLVHAxS1Z5d0Ixd1U0eWtSZjFGc2ZZcGVUQ1gxQWhzUEVHOG9vRlBj0gHYAUFVX3lxTE1sOXNmZTdoX192STItcTFQN2tHdmdydjVRRkxfT0FvaXpjZFBmS1RzVHZ4NEdQZlotRks4NEpaLXRwNTViZldlaElJS1p1VTN6WWk0ekpHcHhwWENGM0lUQ2JfaDRRa0xpR1BjY1BlRlhNcU1CRVVseWQ2Vkhlb01DZENET0N3dEZ3Y3hQTXoxbHVEV2dYMThJWGN5M09zLWJ1aVlFU1ZscEltNGFDR3FNSHVEdUJtN0htd0lQQV9wUkNXVVp6WXlnb2dFcjVDamJ6RjNObkp3Qw?oc=5,RELIANCE.NS
2025-08-29,"Stocks to Watch: Reliance Industries, ICICI Bank, NTPC, CG Power, and more - Mint",https://news.google.com/rss/articles/CBMi1gFBVV95cUxNVlB0Y2Qwc0ZUOG1pWGVqXzR3YXB6WXFSZ2U2cC1nZTlfdnNocUNtRkJtdmFqWmFNVGRhVXU1eU91R0Vwam1CWHFoZ0ZQbUZRLVBzZFFfUkk5NThVTjVwZHllbWc4Q2ItTnJVV3hsQ3Y3VVg4WnFGbDhWSFQ0TTJIcnNqTFZULVZjTmtjaFg1UjEyQXVkdDVhY0ZITlVHUkNQZndtN3VYdW1ydWpDMERFTE9kS3lvWXdpUXJrVXRXZ2pZNWhPaG5OeVBuM1BPUHRHdHFLcW1n0gHbAUFVX3lxTFB2OG5ndm5MNDMwWVJvMkZ2V3hBbktjbFNqd0xGZkRKY2lFY2ktLTFrUjdiUTVvN2EyYXpKT19iUUVEVE5DQzJBMHdZLXUtRktvTER0QldCT2Z4REhmYTVYM2lSOC1OS0x4SF81UEhyeUFra3UyemRyaVhmM001TkhNN3lvWWkySVNyYUlMa2QtMUpSc2U1cjNHMGl5Z2liblFqeEVUQmh1blRnYjJoeUtXYU1sNUdBNDFUX0hyM25aS0M1SjF6SEY1X0Z1WDNiQVladmRJaHRKQmE5QQ?oc=5,RELIANCE.NS
2025-08-29,RIL AGM 2025: Top 5 announcements that the Indian stock market awaits - Mint,https://news.google.com/rss/articles/CBMi1AFBVV95cUxObU5FanFNNndsUk12VzdhUjEtdV9rSVludEhHUmM5QmpwQmVCbWtHZ2VjaXY4cUNpMkVRMWN1T0NPam5UMVdpM3BGTU1qWEJwNHJhVld4YzRjUDFoSlJqNG0yak9lMUp0UkdNVWE2bDdfTzFmbFk4UUF4bEJlSFJfZ2dNanlUY3RfOUF4NHJoRW9pT1dpbDRpSWlOTE5hc3ZEMkZheHdPWjRjaHNDN09TMGhDZEFldWZEdzg1aWdZVURWLUNacjZXdWtLSmdKREVKb2NaTtIB2gFBVV95cUxNeHNyTTZXQ1pDbFRGUmFRWjRZcmhiVkVZY2NHU1NzVmZtYmxIN2JIQm5TVGVXTEFVblJ6Nm16aUxjSjEzVmZMNmJpT2tOSWJ6djRQa0hMUG5IeVQtX1p0VTZQMnIxM1daLXpXRTNwVlRQbzhKdE4yVmNVMUIzMWptdkJUQ0tBSXRUMzM2UXlkX18xeFBJN2RFVmhDU2FQOHM4dEIwN2hFOXZmRU1BRkhwQ0FLN0xCYk9yaU95U2xQS0lkTlpDZEk4MkJZejNkRmZ5OGNuVlV2ZmxBZw?oc=5,RELIANCE.NS
2025-08-29,RIL AGM: Will brokerages reset Reliance Industries target post meet? - Business Standard,https://news.google.com/rss/articles/CBMihgJBVV95cUxOZWE1b3FvUXc1bGgyWVRTRnI5RGZSQi1yc3ROT3dnRlVfS2g3X054Sk04WUNLb0xiQjhQd2lMcF8tbTl5YVRnRVdjQnVLZVBZTWViQ0VFbXppcGZpOG1YTjd1YU1TTXotSzZpN1BFUmcwZWlPSnlrTkF0YVBlZmNYUHFmMk1GVkJFSjducFJabmpQTTJRTFViTDdiSFZRUmxzQ1Fzbl9tV2llMkJMRVhGdHRBdEQtaFdrV3h3SDZWUE9VZjJscU1IZkhFMGIySmpFYXRtWUc3R0c0YTV0MXBIX0s3YkI2b3hqNEtIYTQ1M2FMN0x0dXhoeHdrTWpOX29GYzRJQzNn0gGLAkFVX3lxTE5kOW5rRjBHYy1YMmswNEpRQ0lXRXMxUl9QMFZFTU5ZY3p4Xy14TXNjYnQ1YmxDMWNPUGNBQVRnTjdhNmlGQnZBWFdYSVZnWWdFWnFRckUxNVRpVXg0LXBtSkFRQ2sxUmlDYjAtRFVYVjdxR3NSZFpZZ2pRZ0pMUEp2SkN5YW1PZFItcUdpeDluYklkQ3hOU0Y3TlRQdHhTa3p3RWpLOWxkcnlpWFh6UWw0UTJRSk9iY0hCbTNpN3MzVTF4VW5ya2MxRzh6X015YWRSNGRXWGhBd3hJUURhVVE5OUsxS2R1TXhWZm5WMWl1LUM5Z1JwTHVGSkF0OWp0ckJqbDBPTHlad0hPTQ?oc=5,RELIANCE.NS
2025-08-29,RIL AGM today: Will Reliance Industries shares break 4-year streak of letdowns? - The Economic Times,https://news.google.com/rss/articles/CBMi5gFBVV95cUxPUy1tc2JZY2JnMmtJQnVtc2lhS0ZtTHQ2M24zd3pxQm9FcG43RXpWMDcxajg0RnNia0JHUi01aXJlTmozYkprWUFPcUN6WkN1cE92LXlpUGdnbFJfTEd6aEN0TGY0QUJ1dnA0NGJYcV80NEExd0NtVzR1ekZXYUVuLWV4THQ4WUdKTGxrRHJpaTlLLUNQNUUyZFBYZkNkWHZ5eDRzektFZVhNMmJ6SG5UX042RFlXTmUzdFU4SzNBcElUZFBLNUN4S05ESUMzTnJsZm0tWFlrZFV4NEJlZnZ3bGE2SlJoQdIB6wFBVV95cUxQRjRWZ1NtTDFKTzNKcHdXNWNOSzdyMVUzN2Z5eEJGYjdwbGxkQVRvVmpHdHlfR1NvczNULVFFTEpSc0h0SHQzb3NsTTVmellvbHVqTFQwTFpkVXdFOW0tYXcxRV9YRVFMdDFnTlhDUFcyUVI4M3Y1eWlfWTJhYUl1RnJ3ajJSWjl3SnlmbDRrbnZvblVfR0VnSGVPZVJkZ0hvZWJINU1NcFRZS0ZERFB2SEhSUzBlU0lMdlFlSUkwcnN2WE9ycVdNejN5aHdDWm55Y3lsLWNUaC1HYk50RmRVeVN4MWJwQlF3cXRV?oc=5,RELIANCE.NS
2025-08-29,RIL AGM today: 5 things that investors expect & should you buy the stock? - The Economic Times,https://news.google.com/rss/articles/CBMi3wFBVV95cUxNOTQtTjJJaHVFTnpmZ0hsLXloUHZBUllzWFdGdkg1ZU9xV3gwRGlIZklBMEtBZjlJMlhQZXBlbGVVQVRKRVFZaF8yRzhKa21OQ1lGYWJmcGJodTVkM1hNOXd1a29Zb3ltaFFlalFHcElFdUhaSDJsUS1KRjVNbjBmeFdscW5CeVlHRmtLa2g3ZXliODlHOEwzOFktOGo0TEwwQjNyYzdoR1h3QThzV1pwMGRnMk5lM2NjMWhkRTFVTXNSQjBHZFNYLWExMU5EUDk4a05QNWFuSERqR1dCMVFV0gHkAUFVX3lxTE16SFhaTEsxclpfNnJ0SFBkbnAwbGFqR3hkSkhsWjBZNFBoaTU0VVh6UXcxY3Qxb2lYSkdVbkhPbDAzWnRPYVdPQkZKcklVZ3h4ZWNxMDI5WGpYYVN3eXl2Zk9YaEdZLU1uWlVYSTBQNXpNVFVSaXpBdlFkeExmalJTX055c3dCU2ZIVDBJdVgzTTU1MkpsYjg3ODNFOFhmZG5YRVZjMlNOZm5EeXVkNnNNd1JBLUNTZ0o3QUV6UUVZUUI4TWdZOXYxakJmM2s2NUlfb3lGaURLWUp6NDFQeXRyU2t2dg?oc=5,RELIANCE.NS
2025-08-29,Reliance share price crashes over 2% to 4-month low amid RIL AGM 2025 - Mint,https://news.google.com/rss/articles/CBMi1AFBVV95cUxOTkRzSmlyS3JBM0hsUTZjX0tqVm1NSi1fdzFVUlljUDF2UlBwNTVDZUY0Zng2YU15RUtrWi05bmNfOFRNcTRYQms5VUhKVE1QM0lBQ2FHRUx6NTF0Tng5Tlg3Mmx1aUYtNjlsWFlSVXRmcDlzYVRhal9Mc0dDTjk3U2hsdV9WRDlSVkJVbVRfYjRmSlpLUFhOZDdHY2tiZWVTMEZHY1ZfN3FCWDZuMnljQVp3YTh3RWtpNkJXOGRDMElTVHozdTMxMjhVaXl2UTFBMnhRN9IB2gFBVV95cUxPcXBRZTR6RXBhVGhuaVNuLWc4aVozdkFUZFphZVBJcEhYanZqdkNSa2FKM0dvWk5LQVZVclczb1ZHNl9YbmU4MlQycmxrNjJEYm5wandLbWJvZmZBTUxna240WldVRnBOaWdSeHMyb1QyZG42cnk4WTdKeklSWkEtaEZLd0dPd19jRk1CVTU5Q2hPRC1ycXlUU1Uza0RVQWtsMmdpSlFrVXFUaGpGSkVCU0ZqUmpGdWdhUlY0dzJOS3JMaTFkOV9FOVdpXzd4b2M0ZnRuUUxkemVxUQ?oc=5,RELIANCE.NS
2025-08-30,"RIL share price drops despite Jio IPO, AI booster at AGM: 4 reasons behind fall — Opportunity to buy? - Mint",https://news.google.com/rss/articles/CBMihgJBVV95cUxOcVBwTDROc1pXd2FQNnpRLUZjZndKZDFWbTRRODAzangzQnd2YnNVQ3YwRUlpWXRUTnRMQkppQWFoZ1BuaFUxVGNKWGc4aVNzNXNXRkI5SGluTnJ4dGpTR3NwbU01VS15SEhyNHVieGpUSEtBdXVpWFpRUGs2THQ1ejFmbFRVdnhvQnZObjVGWTlZdFh3V0h3Si1MTkRnYlZ5RTNvR2tMc0VCSGpqX01RZ2ZxZ3RtNVllMlpaR00xaU8wUzJ5bkhON2E4SVJ0UHlRQmpxWWM2d0s2UzRld000d0p0d2tkdkRnMlRjUXZiSWhrVGRJVklkMVh0Q2cyT2FQT3VUSUlR0gGLAkFVX3lxTE9wN1hiOXM0bkZFNE9nay1QTXpPMG1adXJDNENqb3VZOUZaNzNaeTUwUUdmajZKSi16S0g0TVJ0T1FpZUt6VUxzUTUtMmJ3eGNjRFN4dTd5YkJ3SlJGVnZkYUJsVmowMDVHeW5SUmp0UTdicnJkenJRTFN1WWlQdld6X0kxQzRFWEdwTlZRaTlCRHNuamxGSlRrSnRTLUlLdlc3SThyUWpOaFpMSlVYZkl1c0VNWHVESkI2YnhBcExFNXBuSEZuRTkxUWtqSWFCa1NtS0tDYzlpaVFKeDYtSDA0MS1uX29BUW9TNkUwcUVkSlJDTEZnZF9WQ1VfYjVNT1RUUWdoWEJELVcwaw?oc=5,RELIANCE.NS
2025-09-01,"Reliance Industries stock extends losses post AGM but brokerages stay bullish, see up to 29% upside potential - Mint",https://news.google.com/rss/articles/CBMiiAJBVV95cUxOVXZhc1h0eG9NM21rVDVMV1lpYVFrUWtCZEREb0FYQ2tnWnh1QlBIRFFxY0xxakxJYjIxUWFWMmloamhUZVZ0ZlB0QmpnYVQyV1FucjhwcmM4bzNLZ0NPeVpWRmFaajVKeUl4ek9HQjFBRUFIT19uWHJWbHFvNXdlWmpZUmZkTG8zSWZXQ1lTQnd1Nk4zeGhtaDNIU2VmZWROT3ozTnhMNmg0R2w5SUlpLUV6ZzlHZHlCdFoxTUpLRTkxRVlwdjdqbDZnTHFvV21lV081azhBZklEUWxjQ1hoRWFCODZOMHJYMnBQU0RxMnVacjZna0NrbmN2dG0zaDVuWS1uTzMycjHSAY4CQVVfeXFMTUs2bUJlMUZabWFvNXRmeEtMQW9ka1pOZWdpOGdvZ3o4dGFScWVQQ21iMFNRU0N4eVozd1JtSnFJRVFCYy11U05xX21ETTVNdHI3anlyRDdxMlZ5RnZCX01tQ3oybWUteUVFSXM3RVhFSEs0UlVqY3ItUWNEWko4ME5Ycy02YTFjNUVuRUVlNklwMkJDY3hQQlJReVZFZi05QTVvSkp1MEN2NWxpSFgzU0xXMWZURFQyUG16amt1Z1U4TEFqM3NDMEVfUTZRd2pHM0Q5cUhKR2U2cmE3WmpqMXNzeURQUExKYTV3Y05sZ0hYQVVnT2pad3R5TmgzcDdDcGVmMGdaUE1YQzM2aURn?oc=5,RELIANCE.NS
2025-09-01,RIL trades weak after AGM; slips 5% in 4 days; should you buy or hold? - Business Standard,https://news.google.com/rss/articles/CBMi1AFBVV95cUxQMER5Nkw2anduVXJ4T1VmeXBnWXNxSEQ3WnhvaUdicWY5UWZ5cGFJWmtwQkVFb1E1UXk2dzJmMzVFU3VDaUEtUzBOVjl0QWhUZ19NcWJ4QkNRdGZ6Y1NHcjY4TWdjZjV1R3diRHREUEdHRXAxYzBwaWZ0UlZua2RRVFZBaEg5Y1B1VVFjV1BFRXZrMlNhVzN4MmM3QnhkMDAydTNzUEJEY0xzYW55aHVrUlZJMWpJZ0JSb2dqQ3VINHkzMlAxeHdGcFVfSFRheUFSZWgtNtIB2gFBVV95cUxQcy12RXdnd3dYaFFSbXdVeDZiTVpyNGtoeFZGSkxNTS1zYTZSdFZVeTlITWg3eXVkNktNS0g3QjYyajA0ck52RjNkNDFvc0otOHFBNko3RnU2alF2cFpMQXYtY19sTGpHemx6bXduWWFaZldzOFFZdlhGSFBrUnZkTVhRTDEwRDBZRDUtU3F4Wm8tQ3NpM0tucm03bElxTGtEUFNkcHEyd0xKRUg1aEFpb2RybjlybkZIV2RWb2t2VGJoTHRQX0lVLWlGT19COG55YkhCOEwtTlRTQQ?oc=5,RELIANCE.NS
2025-09-01,"Stocks to Watch today: RIL, Adani Power, Torrent Power, NCC, RBL Bank, NHPC - Business Standard",https://news.google.com/rss/articles/CBMi6wFBVV95cUxPeDh2bEJhZVVKLTdhUW1TV1N4NUNxNnk0YWxDUFhaTjZiY0pTWHRfdmdVb3JVeDhKZERBRUFqd1MyNDZaeE9xVUd2VjE0WlpqdlZtaEozdnRQOUp5Q0xGczZ4TGg3YXJXWHNlM0Y2SkZfM1drUVVzX0JKVUJEWjVHcHpNZ0FMSFBkekJ6SkhDeElySFY3YWVQTHFMZ1QxZmtRQWJjQUZZS1k3THNIWkh1RFFJNERKSUFQOVh1VnR0YTJ5Vzd5X3Vxa0xCWHpDTTlCOTRxN2htb08wZ2xaaUgzTHMycXFWZVY5OGFB0gHwAUFVX3lxTE1OeG1TaDJhTXAyR0RtVGJIXzkxVTUzYWpRd010bEd1VUU5aUJyTGdaOVFwanlfQ0hTT0hoNGNld2FIN09kZmtEN1dRNElaaXI2bTZ4WWVjQm92eWg2TU5ORkRMbExnYjFSY3lNczJQclhpTWJlY2JXZTFzdHRkUDNZOHIzTnRqRXdpZGF1M0wwWkpJR1BlRDdGNUZUWTZTcTBlWHBvc3RIa2t2c3BJZE9xZm03U3FoQ05VVnJpejlnUWNRZlN0M3gydTBTdGxVREs0amNaMUFCNlc1YTNmOU1EbXZUY1hZZ0N4a216WnNxWg?oc=5,RELIANCE.NS
2025-09-01,"Reliance share price target at Rs 1,733? What CLSA, Morgan Stanley, other top brokerages said after AGM - The Economic Times",https://news.google.com/rss/articles/CBMigwJBVV95cUxOWFc3QmszZEFDNjZrYVBpcWZVY2V5RFdMd3pwSGFzNGtWWVlfSy0wbzJIWVVrSXYxY0pOWjdsejBDS3cyS0p0RzBpM2hUQlZBZ0tBTHN1aUs4LXF2NTFjWk03aVVNNUFaQWI1aUFlalY4a19yUTZnZDRzV1VkTGNsck41Vm5nYnRUUjBhVTVVR1A4U0o2MmRqU19ZOWFvbTNsRFZ4Wnl5Qzk3dnJfNFEwRWI0ZFFVREtvN0JnZnlWTlZRcHlVc05yLUROTDJHVk9mX2YxbFFvTWxWYzhNbUJJM3duVjNzSmlJSVV3NFlJTGYwUGxUR2hBeDJHZnUxSEZoN0RB0gGIAkFVX3lxTE9LektuSEQyWTVyRlhJbXJ1a3RwZ0pJT25WaU5XR1AwQVJFQjluM25BaGltZXZEVWhweEdsNjN6Q1pUWEZ2d21vVjRPWjBLYVdsWDNrYWp4RE1yeHJTdkdrNksxYUxQMmQ2RldEVHNXZFNWQ2pUYkhMeUNId3AtdnYwZk1USEVSMXBBMGFCbjE4M3dmNHVCc3RYMlVlMHFoN1hQOWh3QUwyTjhWRW1wb2EwS3pOX2hKRzFXTnNnVURFV1FfLVpjMzFyRE5mMEFFMlZ6QmkzdlZzaVhGNFFoNEVSTzFobTRWVllrWTYxWDNwbk1kZXFkM09Wb0RJYlpVa2JqdklGblRQRg?oc=5,RELIANCE.NS
2025-09-01,Explained: What record-breaking Jio IPO means for 44 lakh Reliance Industries shareholders - The Economic Times,https://news.google.com/rss/articles/CBMi9gFBVV95cUxQNk14YnZvNW96dFE3amo4Q083cnQxRTZHdzM3SjIweG9QRmNqX2FIWVpsTENuWVlYeWhLRW1FWk8xcU9Tek95UWVmUTFKRERocTI2V3MzOWRWQUZldE5pSGt6c1k5NmZ0VzVoLUo1R3dsd0FoMzRwVmdZNFNXUy1idkNaOUF1OXMteV9keTUyc1R6bDBIN1NBSURoa3ZVaGZuWFNsZlVqTGN4c3VQQUpaRHAycXU4NWozMXhWTi1RMkNaMzR0ek12aGRCUVhkbnhpaU9yODZIaUlPRWhQM0pROFpiMFA1OWlYRDlROFdxSVk2a1IwUVHSAfsBQVVfeXFMTURwSVp3dWhuMzQwRjhWSUtTYzlqdTlnN3Z5QXhEYUVkV0V1U2ZjUy1UNHkxWk40RTRRVUFWTEFVMnljNXljb3NIWS1ibk9tdmVTUlBFOEw3WWZKZFY0cjZMRzFrdDRyb3BoSHJRcm01SmlZUU5OdTlxQmp4NFdLT1AycW1Lb3JZc2dqUnVRNWJDb0xkZU5oUVA3VEN5am1lbzMwUzZKaVZFUHIwNjFBU01YVmlNSm1GaXNmdEdnVjZRSlR3VUljVkpzYmpmYk5xdkNHTm5rNk1zZDBIMC1RYW1aNFNBdUJOQlQyN2JuVWlQLW52cEk2TlgyVjg?oc=5,RELIANCE.NS
2025-09-01,Reliance Industries shares end flat with negative bias post 48th AGM; check key points - Upstox,https://news.google.com/rss/articles/CBMiwwFBVV95cUxNT1ZyekZQemlESXNGckdoMXUyT3Y5ejRLRDYxSnBpRzEycXhTSmZ6NS1VSDZtQ2tVRnM3alcwWWZ6MkM4Q250blUwcWZDOXo1VlMzcnRzZEQ1cjNGeUwxcjFaSjUxeVBEd2dWamN6NFJRTkV6MXJsWTU2NElFQTdqVzR6d0NrWEp0NGxpM0t2S1ZscnJMb2pFRWVJOW5RQzQ0a0xfTHUwQ0FBMnhKU2NSMWlGNkNNazQ1X3oyN2tlVDl4VFU?oc=5,RELIANCE.NS
2025-09-02,Reliance Industries shares jump 2%. Is it about AGM or what China is doing? - The Economic Times,https://news.google.com/rss/articles/CBMi3wFBVV95cUxPTVJrd2lKYm41QkJpSmVOZzFwakh3a2N4LXp1X3NPR25SaDdFRlpjMnJ4TllkZ0dBQUJqanZiUWxQejZSeFBvOGVMMUtrckR6bFVXQ2FyTGtDc1BEeTIxZ2RXSmF3YU45V1MtcDZGOTMyYjJMTW1Ebmp5UnQ4d1ZFRml3NDEwQ2FyLVJYbHZVVmVYb3F3NVlqWGR6VVBLdXBYT3NXa2hBNThVUllGaGZNQ0pfQmRVdVZsNlBNUFNlZ2RDOHN6bGoxTHJhdVBvYzFyc0NPeG1ST1U2YmlwRU1n0gHkAUFVX3lxTFBxbjViYzFUSk4tdl83WkpWdTlhc1o1VUNmb2xrWDVBT05rYmJ0QVhUaHZZd09UY1FmRl80TnN5bk5XUzlPUzl2Mm9SVDdzcVI1X2VxSjdFQWl1SXRoeDJ4cFlwcjMwS3lDSFAwdDZodEhKb0d5a2NGeGd3RklaaFljcVRLeHVtLXAzSjhoOUIxX2JrQXRsc2w5RHRCdkhqRjdRd2F3ZjZFZC1BTklwaE9CeDFHSHJpdm1Qd09iWVRSRUtHZ0o5V2VhMURaTWVMRVpGaDZ6S2NiYmVDX25XVkJMdjJ1bw?oc=5,RELIANCE.NS
2025-09-02,"From Reliance Industries, Coal India, United Breweries to Bharat Electronics- Here are 7 stocks to watch - financialexpress.com",https://news.google.com/rss/articles/CBMi5AFBVV95cUxOVm1BZEh5T25PdmFUTkVYOXBaSFVmTFdUREhGRUZQd082UlpkNlJZeWdkMEY2QmpTSTVNUklrUFQ2OE9TTEpyUHJzNk5fVm92V0FWcldYZ19CRUxHVExpMHV4bk42WkJUdTluVGJieVRxeDRsdHFMeFB1MzBmUUpRQVQ0MWpEUDcxY0NVOWp1bVZWNWtjeDRuVC1MY1o5T09HM1l4VTByWUlWbXVWQkRtcjhoX2hicDZ3QXl6aGdyU2RnTzBNOEFmenlwQ0ZrN0w0aVlWcjNYREkwRE5WNTRKQVpjS0LSAesBQVVfeXFMTTE1UzNKd0pJS1oyMDdOOGV6aXd4RWlpNUtmX3FqajJqOGJ2NEVLbTM2VnUzNlNrY2R1X01tSEF0d2d4YTZSNDlvM0pvbFR1ZkZxWEY3ZlJQWURjN2EwWGVkNlZ6SzROTVVfd0dTS2pJX0h3OFFPLUJ4OElQU1hBRjNUa0l4a3Z2eThvSGJlOXA3Vm5pTVhRZ2RkQnBOWEZ2RjJVNFNWQ3Q5ai01ZVVpVmN4N2hGR2VVTURmdGxwLW56RG5nSFBPWE5aTml6WWdNLUVwcE0weU53SEhuanllTGd4aVJZQ2dfdVl3SQ?oc=5,RELIANCE.NS
2025-09-03,"Reliance Industries seen as biggest winner from China’s overcapacity cuts, says Morgan Stanley; raises target price - Mint",https://news.google.com/rss/articles/CBMikAJBVV95cUxONWdSVndJaHdwMklHUU42dEdHRTIyTDdMSkpZYU14QXJobE01UXRsNzh3akdkcUpKZDFsb0kzbVZUZjBwNXJGYldEZXNTQTV0X2VqT1ZENkxDektiR1psaTVGUHREYkJzWHJDZ05VWDBCUl9KU1E3ZU5Mc1ZCUEdwVXJjOWpDZERyMmo2aXduNURDc01YTHBILUdUbGoyQk5zam44LWxIUFBMRUo5RDh6QTlnLVpvU09jUy1TYzVSUDQ3YWdXZ0VKdXZiRmg2ekNiaFRHUlpYTEpFbVZmbnVFandFMUd6Qm1XcVVqU0V1SjVWcVpveFhRUG5XeVlvSGpiQ1lYNkhrMXNLODB0ZU1WQtIBlgJBVV95cUxPZUFDOWt4SVN5bFNJMjJIQzIyblpuWDUtNEF3TExkVHBBZDI0T00yTE1xakhLR2I1OC1hRE5aU0R0dHpBNFU4MDg0ZlQyWHllbzdKWUt2eWNwLVZFMmxWd1EtejRxYWdweVJjendRblU4X2tmS0JhVmtZTWZqMUhVblMwSGNRSUtXNzVONFdQTTJhMnFFcFJ1MlVhRFZiWVZiUEVXSGVXUFBKRkxrQ1d5WFdUcHFzVGRYbkJPVE0wV3JOMW5BODdJSVQtVWx0dFJldWhkcmM5azVQVEZVN2oxS0FsSFl4NGt0ZlZHbW43TVJmc0I2MkxGRFZjWWRwcGJKSUZkV2FQRHpTWF9oVDdkT0tEdGp0dw?oc=5,RELIANCE.NS
2025-09-07,"Mcap of 7 top valued firms jumps ₹1 trn; Bajaj Finance, RIL major gainers - Business Standard",https://news.google.com/rss/articles/CBMi0wFBVV95cUxNa3BLYVE3RUVnUDY2cHQwQWJxckktT2Q1VVF1Q3VuVkZKdmdqcWtzUmZvYTR0QlV0TEZDRWRucTM2N2QxTlVDa2lSbjI3a0pZZ3FXczB6bVNBUm95MDBzMkZEQ0FmLW96Y1BQUnF3MG9OZ3hGeEtrT1ZvcVRzMW5HeXZWLXdzb25qN3FZNDZPc3BzdlhMcG14TUtkc1ppWEE1TUpsNEZHUkhKMWRTXzNKN2xhdW0xZnNSclZ5cDNubmc5RmN5YnFwVGhka2Uwcm5Jb1hv0gHYAUFVX3lxTFBPVGN3d21HYjNkOVpDN1VRNTlNNXlNdnpGLWpWb1BKUzE1MFJMSlV6elhIZGI4WERzeTdlQlBnRW5oNFpON2hTanY2aEpvWDRLS0VHUVNqaHhzNzh5Rkx6XzlXVTVRTTZRSTNMZkswS0dSRmpLZXc3TlJoNXBnU3pINS1EQ25aOFhxODhIa0ZkNlh3dF84NkxNVWp4R3JKek9mZkhkWEhGVjFkYWNqaExvRDljV3FuT3B0bDNQai1OcmRrTEtOWEFuSUxiOUFWcDFSNGxiSHcyag?oc=5,RELIANCE.NS
2025-09-08,"Buy or sell: Stock recommendation by brokers for September 8, 2025 - Times of India",https://news.google.com/rss/articles/CBMi1AJBVV95cUxPY2pvV0QzN25mOWZaOWJCZm9mXy12S0RKaEwwSGZGdWxMdTdNOFJtQnAtck5Vb2J1NEtkVkNJSHQ5eFpfZ2thUnNSZU90aGV5NW9XbWpRRVQxXy1tcVg5allKZEFyM0ZWZzhfUDU0dUZVckhBbUtsWFc3eHZON2NWa1BMRVRJdU1SclBUZWZLYm9aNEphR2RjWWpsdFg3QThYalZyRGd5SHpxc2lhTzBzUEZaRW9zRDhsQXJYUHRHdVIzbVlaTUkxWlVHcFBnQ1podmR3TGR3MS1mNVdpZUdHQVBhRi1sMnhZd2stdlVPSVNULU9XTXlqVmV2R3VaNDVuQ1FYWDdCZTNaUjBERHRFY3VfNFljYUdYRTJXOW9iT1ZwODBqbndVZ0tRalQybkIxS3ladlcydGNhLUNzTWZxWlJlYUNUSEQ5Vk15VGZ0MW9WcVh20gHaAkFVX3lxTE9ZdmVqakNONzB3cDlpcFFnMkZscEV0dHlFTTBMRTJpMzlZSU4tSVA2T2ViT3FBZmdhT1JWSWVGOVBEWnl5SWl3eDdsekdPZnR3d3o2Y3BKbDJmZlA0cFAzekw0cGtEWWo1bU5JRmhDbDU3SFY0b1dJWlF3MGlUMVNpWG5MRkpNbzRrdXJPR09INlN4MFRENVFRZkpTYkZGSDBQalFwWU1SZkgtMXpQcXoyNmtjc00wNU9fdkZUNE9aQXdQc20yQ0pwUmVPZHd4UmJhTFdLSWtfc3V4Q0Z5bktpTVBpUWVyS0s1clBRYmpTV0R1VnVWU3YtMVBsMkRkWVVpdVl3T1BndUFxLXdvOV9fX0dsanZRQmc1dUNDVWttRDlsTTY4Y0lodkl4czZUWmZ3d2dzZjJlY19yWWVNbjBscl8wdzZUSk9QelZQSWRlcU9MNlY1UW9PMmc?oc=5,RELIANCE.NS
2025-09-09,"Two billion-dollar disruptions, one Reliance: Can Mukesh Ambani deliver? - The Economic Times",https://news.google.com/rss/articles/CBMi2wFBVV95cUxOUHp0c25ZOWpqdjFHZVFQZEthRkxjNHRFZF9qT0xGdkc5X2tDLVRTel9UZHJ3M1l6QmxmeFhwczh1VldvU2ZQZTZ5ckt4Y2RLc2sxUWFvaWJlc2RLYXdXc2xEdWVRQVRWQVZiUHNPVUtRZk5XM05uWFhCRThVMnB1Z1lmZ2xFZlZsZFJxX3N3T3JBaHpfdjMwNnlDVjRnbnc5RE45YmwzTWk5eDhFVnd3a3BMQ1VmNkFPNHo5M0hsd0RzTGd4ZnJ6UFJ4NERuUjNfMmIzQm8wXzdTNkHSAeABQVVfeXFMTXVqWnJjZ1QtX2s5eGFDTkVFdHNxSGwzSXpCTTgwaWdXekRkdWxQNzBpSXhiSWdVWG5objF3N0gzS19RT1lOOXBuUFNkMGFBUUVWYlBlNXRmN01jVGFJY29zTW16aHlHR1NJaEc1LWdOUGhWTFJReWNzRVpTaGxxMmNfeWZSM2RqVEU1UEg1bDY1M080d09qNXhTcnMteEdMYUNIdUcxV2l3R0ZVUzVWRS13M1ZqNkhpLUUxVUVhSG9DeWQ1Nm9BazJDQTZFNWk2a19nS2JDSm5SczdNNzVKSXk?oc=5,RELIANCE.NS
2025-09-11,Reliance Industries shares in focus after new AI unit launch - The Economic Times,https://news.google.com/rss/articles/CBMizwFBVV95cUxPdnFMZWlCZVFGY2xxeHNBNlR3eUhUTHhvaG1uMnhQNVlwTGhhOHpsdC12MGdQbmRKa2ttUkwtX0w3MDg1S2V4YndiamV1Ty1GaGpZUG9xUVNTQ2w4NE1TRElieE9vMGgtOWg5andQZ05yeXdDTkl1SlpPR3BGcVpubi1IdkhJU1oyLUJzMTk4dkRtU0dIVTJXVmRSOHFPWG1BRG1KMFBtMml0YTBfOGIwdzZ4SWZuQWRwWW4zYlBocE1EeDJGa1pHbWx6RHBkdXPSAdQBQVVfeXFMUDBxVVdjSFZUcHJTVHllQ2p3cTRZWEt4WUMxYXp2eGl2cmstcXRhOWc4SmZHQ3Z0b2FaU2F1VGtWay1fZ01ZUTltRWNuNng3WHM3UURwVHJYXy03TENUbGcyZkY4bDhzQXNfSkotVnZaUUs4eTJpWmdqM3dTbnB1QVlhdGRKNklaTGhrVGJBZi1wQ19HU0tpNlFsMHZkUzdyUXlENGUyVUxST0FpN2lTQnN6akVtZTE5NEtTSDN1VXBCUFN2NVJ1Q3E3enZlMGx2VWRRbUk?oc=5,RELIANCE.NS
2025-09-15,"Indian Renewable Energy Development Agency - RIL, SBI Life, IRCTC among 13 stocks showing RSI Trending Up - The Economic Times",https://news.google.com/rss/articles/CBMigwJBVV95cUxQOFhGTUIxTFRNQkh3TzlDMVVGdVhYbmFjT3JfNF9TUUxVTlcxWXZ4WW5KQjlUTVJ6M1l6SlE5aDlmQzY3WWpLM3NDZGZDam9QeFBEQmk2MmJmLV9fcnNpTXh1ZlNzMENtUUFOQmhnTmRpTGZTUy13Tzh1bkEwcktIQW5Ha0ZGUVBzSTNCdlp5SDBVbHZKT0xwZ0RJLVJGeFRFaUdiSXFUdzRGd0E0ZkNleXRLZHR5R1ZMRXNPV3ZRWnN2YU5JbExFQTk1SHJwUGhTUzRKU0tTNDZhdXBiWUxxLWVDSXAzUms5UHFrYVZiV1djR0N6c0xQMzZWMXhzd3JmeDlv?oc=5,RELIANCE.NS
2025-09-16,"RIL, Bharti Airtel set to dominate India's $8bn data centre boom: Jefferies - Business Standard",https://news.google.com/rss/articles/CBMimgJBVV95cUxNbWIxZG1PaFpsb1RVQm9lYjJwSVFoUng1cmE1NHpfUkNwNDFibmtydVF5VVNiZ2FGRzc2X0xKel8xVjhfRTVTUzlOenJPZWE3TTlZbFF6aDMtYkIwTWt3Z1dpVVpwLTZBb3ZYMy1nM3hCLTBxZnpSbnVscmh0elZ1ZmlHejBlMTduNUxrcGZjbTRDNXBUQ1ZUQ0dmZFBKUHNTZWlLUW1SaTZhOGpqeDM5NU5ZUUY2V3MyekhxMURQdDIxUTZPZ0l0WFpoeFRxSV9HRFJTLWhlcTJMeXB1SlBQSkdfZFNiN0hOakxDczFhVjBzdVE4Wk54MFhjMl9CcHZPM2luWS00eGxRQUEzRHZ0dEZBLWk1NUtfTFHSAZ8CQVVfeXFMTlBBd1RmQ0Y1LVVjbjFNX3p1S1JOSnZXTnhpcmlKMTFsQ0c5SVNSMVRkU3dxLXZRQi0xemlUSzVTMkNjdWgtZWRpM2RsVzExWWJoRkdOZDN6WEQ1TkhXYXg1bE5WeG1NTHg2SmgxZ0NvcGQzU0JnbkpxdFVFY21zY0lBQTRHeFhlX3JjX0JIT3dvMm9fMzdXRmM4MXIwYTlzYVU1Z3JZR2hlWDU4c3ZlS1ZiaXFCajNtRjBET2xRQkd6OGF0SG16T2dxZTNOYm9yWDRHWmNlY2NGRjZUX2VuUVA2dzBWdjQ2Yk40SUpJblhTNkw2TjNHQkFvMlVoRmhFQ2xhcm9DYVhJUVRlWU9qSGR2eE5SRzg3ZEFsdVRwRjQ?oc=5,RELIANCE.NS
2025-09-19,Chris Wood of Jefferies sells Reliance Industries shares to buy Adani stock - The Economic Times,https://news.google.com/rss/articles/CBMi4wFBVV95cUxOamNpc01KaUdmX1Y2azVsLVE0cGJlYXpvcTNOM19MbWlhQUc3cGhicmQ3TWZRdnZpVEo0V3hnV2FlVDFXZGlON0l1d1ZsZW1DdFVzdDNsM3dpYVloeU94Z2tuNExfaDF4ZWE0X2NBQmVtWXUxNWtoSTBUYlNzSnRKMWJKSm9XOWgtWHNvdnRCamxZVlRSMEZUaVl3RzdvdWg1SmhQbWJEVWNfVFFMMzEtUnExXzFCamJZY3AxWmtGWDdrbVZXWmx5OFk2ejRsTFF5LTh0dWR4MkNkdUI2Mjl3LW1sc9IB6AFBVV95cUxNMEs2d3BmSmI0bFBtYVpTNS1EZjJvQWEzX0ZkOUFhbjlJSUtpV29keE9FQnNUOFJaTnFrc3I2cGpxR3BHSzRpNUxaOFRkdDBnVWd2eVJ1YzhMLVI3SkhUWW92TTdrazNMbWx5TjBCaG1pSE03amw2MlpmTDRLckRaM0t6SWZwS2tOcERUaXhVbUtvZUEtTjhyT2x0WHEwLUJlOXN5RFYwc243aGFDMEJUbmRXeEk4ZWlxamU0OHhhM3Fmdm5YeUZmRFYtNUtSTHBMNGVuT0tKdDZyRF9DU2xQbjJUaWtQVVdW?oc=5,RELIANCE.NS
2025-09-25,Reliance Industries Ltd eases for fifth straight session - Business Standard,https://news.google.com/rss/articles/CBMi1AFBVV95cUxOc2h2QjloN0NieWI4cVlWay03MEJONm5teVM2ZXN6ci12T0huaUZnUlNRekM1X2J5dDVyRnZXalZmQy0zTVphck84OS1Va1A0M2NyNWhSU0Y2Vi1zbVVtUkxjQ1daWE9WWVNJSjFQYUN0WERPOTBaQjA4b1FPNVYwcy1qbzhrZ19XZkdHNVk1eTVVcEpvUzJ0TTUzTE00cHFrQnM3eXpUdzZTVXRNdndxS2Z5bTBZSXZWaGFqRmlYYjlQVnZFNEUtUDBqSHVmUU5uUnNqdNIB2gFBVV95cUxNUkJqVXpQd1pUSXFtTEQ3NjU2dHl0WktSSzJkMDJsR21iUm1ZU0xQSGYwSnlSemZrdThCRU1YbWFLU2dfcDVKTklQLWdiZVhLUk9TUWM1cWpmQUZyV3pyaGJKNGZJNDJ2WGdOOElRUV9nNVB4Q1dFbTlhb01FVXZVbi1HZFlITE4wUDNNVkI3dHR0a3BVM2t4bWpWRjZkdFlFYi1SaUl0dEk2MFgxV2tFazNBZ182TllJamZMUGhMM1dlWno4MUhkZk0wRkZsaTNGMl9aZ0dvcFU5dw?oc=5,RELIANCE.NS
2025-09-29,"Reliance Industries Ltd Sees Rs 45,776.30 Lakhs in Trading Value Today - Markets Mojo",https://news.google.com/rss/articles/CBMixAFBVV95cUxQVTZTWlhzb1FjRE1Kc3JlS1RwcTkzMXdEUDlHRTkydFUzb0phWl9rMFJlNkxHVktpdDVxLThfLXFnN1B0XzNkbF9fTVlWX0dFNFpJNjFnV1U0VGxwd0tscllLRUUzY0V4a2hPLXB5Y3NCOEFnR3laREhWTXNWV1JpdU5oSGtZa3VmVm5XZkszNTRiWExXN2NDeHZrXzBpUWM2T0V4QmQwdUozbnNPZXNwQ0doR3gxOXpjaXZSaUROdGFSc2pr?oc=5,RELIANCE.NS
2025-09-29,RIL shares offer 22% upside as market undervaluing Jio or Retail by 15%: Citi - The Economic Times,https://news.google.com/rss/articles/CBMi4gFBVV95cUxORkFzNW54bXYyby1TM2dSOUE4Z2lPSlBBbWs5ckxWWWZUZThnRlJaQlJPOVk2bDQ2b3RCWkh6amE1SXhmMnc5N0k0ZDRDOXZmdUtQaUVkR2ViTjdLQ3Rtb3V4amVjRDRYdWVnU3JVS3NJVi1Ec2hpNkF2T0NCNGhRdUZXM0dWa3RyRVZOYWxjMWdjOEh0c3BOeVUtanZwQlBSVG82Wl9JTWRvV3NhdHZNMURuNU1JUDI1bnZQaE9HeXpJa2c5U1hUa0x2bzQzOXYtdTd2cWFzU0ZLS0l6OHFNXzZn0gHnAUFVX3lxTFAxeGlzZ0JyNnNLQXVZbFJWTlEzMGNlVDZEamUtdmtsVFNYYmx4VDFaTGdsem82M2J0MDVjS0lYRU4xRzRvWlJCdmtuSk9FMGxyazBOYnlVbW1ya1lKRkpOOF9WYWFjWWUyVjY1TTI4Tkd0X3BRU2hvZ1U2ZmVUVW8wMTZ2UlQ2MkdnRl9MVjVlZ3JlVWlzMWJSVzNka3hzLURHSVhJVXhKNlVvTHdTN2JocVpjS1dVeVlwYlc4RjVmNkN0LUFwbDg5SEVGeENQQlh0OGFaNnVFQUpiTTBpdVZxSlRrcUZ0NA?oc=5,RELIANCE.NS
2025-10-01,"Reliance Industries Ltd Surges with Rs 19,461.23 Lakhs in Trade Value Today - Markets Mojo",https://news.google.com/rss/articles/CBMiywFBVV95cUxNRHl1TXRFN2hERTE2Y21YVGFweXZ6Um9qRFdWSV9Id0hNamRyY0VvT0o1SVdUTWQtVUpuWnFuQ1hXb1VGcmttVVJYUVhCUkpHMUY3S1hLZ1IxTE1kWERNVHZXeW0wYWZ5QmpzUVZRVExka21OQUd6dm45TzZVQXRmeFhadlFsdWc0UjdUbmJSRjYtZW9jbm1ILV9FS295NEExNjFOWUxCYmNzbGpPT1pCT3dOdDNSM29nQWxGakpEZ1RmZVhGSjhoRkxyYw?oc=5,RELIANCE.NS
2025-10-01,"Stocks to watch: ICICI Bank, Oil India, Lupin, Man Industries among shares in focus today - Mint",https://news.google.com/rss/articles/CBMi6wFBVV95cUxNQ2ExWlZiOWNDRHU3Yl8tcVkyYjU5SzUwZXEyVGR2Nld2bThtZTUtR2NBbkZUTjhxNlVYaTRhNHBWRHUwSTFYOEdGNTFWRTRBZzRiaDV5NEpWVGY2OUtSUVN0R3VxNHNNX2xUanFRUGtlNHdXcjl2YmpFdWFfU1dvbC12RU8wUHMtdU0zZzR0VlRoZE05MkdnYW1LNHZpd21EMUdFYk9HRzduZHJHTE9qVjZLTUxTeTctZlFhbnp4empOcWVCY19oQ3p6VU1adEVzVFdVMU9rdGhWVG0xVGZpajdPRGo4aEF3SEpR0gHwAUFVX3lxTE1saUNhVW45ek42MlZxdWpJMVVNOEk5X2hnRmxxcjlQbWo4cU5wWDc5NW5SYUdRdlg4eWRGczJjTy0xaGdNSkVDaEx3ampybEtuYXFFZEsxX3VIVXZ0WHJ6NnJlUWwxa1RUTm0xWjVwUWRudGNXYlRGeUpHeThUNG1KZ1c2YUtKU2QycUlwcFFLeUsxRFhGOHZaWlk3SUZhZ0xyWThmSjZHenF5MGgzWXJNdDdsV05xd3F2YnB2U0k0ZUVEcGVvcldSYjl2M29YWGs2dkRsZWhhR0tFM3pVem5YQzJzNkl3SXo4cnlVMUpYWA?oc=5,RELIANCE.NS
2025-10-01,"Stock market today: Trade setup for Nifty 50, RBI repo rate decision, Trump tariff pressure; 7 stocks to buy or sell - Mint",https://news.google.com/rss/articles/CBMiiAJBVV95cUxPRlptYkhWVGhWdEVkQnB0dmVfOWEtR1BSM0NtT1Y5RVlkOUE3eGI3SlJzcXdxZVNKd0ROVndKemtTeS1HbDdWbjY5bno0ZEJpUGRIdmtMR18xWldNWHd1cmZuT3lzNExDYTR5YzV4MW5pdmJOcldLMVZDZERUZXVmZU5KOFFBN09IM1Rxdk1FbVVTbU9yekZDMGh6S2ZsZ2JLRm9ESDh0RGluR243MmN4cGpjcl9IMFdCaXlUZEN2U0JVX3JUTGF0QnRwWU5pR3hMZVQzUWVsbDI1V0dhLV9rRnJpb1hNSG9iV3FIMjhHazZvQ2lUbnU1aFhpU3VsUmRBcHcyQnVuaW_SAY4CQVVfeXFMT0FzWXV3UGxhUVotVFhCaU0zbVFlTE9PTFNUamdkMVE2azdJS3RvbHl1eXEyVTBpaFR0azlHTTNUYkUwc2hVbEItelNZQ25JOXFOdXZ6OWdhNUNuX2Y2WUJ1RVJ4c0VxWDFNbzU2MkhkeklJXzM1MC1tVlg1dm1SNjRzRlVPVzFjOXNvYk8wem9IblVJZGt6M0dObE1kY19OcDZGSjVIWWVfMmRLVGY5VHd5aF9CamVlSkZVVE5fcTNYb2FQS2prNWU0aXFLRlZtTlJtd0oxbnlqTmxHS09YdVdYNmpBMDdxZUtfUHBxS25WVFFjSEgycDlNSmpXeE9Campnc2VRQ0NrMGFaNmp3?oc=5,RELIANCE.NS
2025-10-01,"Reliance Industries Ltd Tops Active Equities with Trade Value of Rs 16,537.56 Lakhs - Markets Mojo",https://news.google.com/rss/articles/CBMi1gFBVV95cUxPTE9xM1dRV0pVYU1Kb1ZuTm5ra3gzZUlVTlVPaDlBQV9JV1FwZnhMZXZYcWlWSHp4TlZONGlNSEJsVTBsb2VZUjZHOU9zWG5aa2xTZjlRckhfeFJVb3N6V0ZReEhKY3B1V2p1NG5sVFNYTlFPc2g3WEdQbjdpTkhWTlozWW5ON294VlpjZUE0TnluWWJXLXZyX3Z6eU9Cc0FRQl9xdVE0M0h3Q045WGl1azlQUnlFcHhWV3RSb1M4ZnlqYklQeTRCR2RBWFQ2NktzTzdCendn?oc=5,RELIANCE.NS
